,region,metroCode,calfresh,isPartial
2020-01-05,US-AZ,753,0.0,False
2020-01-12,US-AZ,753,0.0,False
2020-01-19,US-AZ,753,0.0,False
2020-01-26,US-AZ,753,0.0,False
2020-02-02,US-AZ,753,0.0,False
2020-02-09,US-AZ,753,0.0,False
2020-02-16,US-AZ,753,0.0,False
2020-02-23,US-AZ,753,0.0,False
2020-03-01,US-AZ,753,0.0,False
2020-03-08,US-AZ,753,100.0,False
2020-03-15,US-AZ,753,0.0,False
2020-03-22,US-AZ,753,0.0,False
2020-03-29,US-AZ,753,0.0,False
2020-04-05,US-AZ,753,0.0,False
2020-04-12,US-AZ,753,0.0,False
2020-04-19,US-AZ,753,0.0,False
2020-04-26,US-AZ,753,0.0,False
2020-05-03,US-AZ,753,0.0,False
2020-05-10,US-AZ,753,0.0,False
2020-05-17,US-AZ,753,0.0,False
2020-05-24,US-AZ,753,0.0,False
2020-05-31,US-AZ,753,95.0,False
2020-06-07,US-AZ,753,98.0,False
2020-06-14,US-AZ,753,0.0,False
2020-06-21,US-AZ,753,0.0,False
2020-06-28,US-AZ,753,0.0,False
2020-07-05,US-AZ,753,0.0,False
2020-07-12,US-AZ,753,0.0,False
2020-07-19,US-AZ,753,0.0,False
2020-07-26,US-AZ,753,0.0,False
2020-08-02,US-AZ,753,0.0,False
2020-08-09,US-AZ,753,0.0,False
2020-08-16,US-AZ,753,0.0,False
2020-08-23,US-AZ,753,0.0,False
2020-08-30,US-AZ,753,0.0,False
2020-09-06,US-AZ,753,0.0,False
2020-09-13,US-AZ,753,0.0,False
2020-09-20,US-AZ,753,0.0,False
2020-09-27,US-AZ,753,0.0,False
2020-10-04,US-AZ,753,0.0,False
2020-10-11,US-AZ,753,0.0,False
2020-10-18,US-AZ,753,0.0,False
2020-10-25,US-AZ,753,0.0,False
2020-11-01,US-AZ,753,0.0,False
2020-11-08,US-AZ,753,0.0,False
2020-11-15,US-AZ,753,0.0,False
2020-11-22,US-AZ,753,0.0,False
2020-11-29,US-AZ,753,0.0,False
2020-12-06,US-AZ,753,0.0,False
2020-12-13,US-AZ,753,0.0,False
2020-12-20,US-AZ,753,0.0,False
2020-12-27,US-AZ,753,0.0,False
2020-01-05,US-AZ,771,0.0,False
2020-01-12,US-AZ,771,0.0,False
2020-01-19,US-AZ,771,0.0,False
2020-01-26,US-AZ,771,0.0,False
2020-02-02,US-AZ,771,0.0,False
2020-02-09,US-AZ,771,0.0,False
2020-02-16,US-AZ,771,0.0,False
2020-02-23,US-AZ,771,0.0,False
2020-03-01,US-AZ,771,0.0,False
2020-03-08,US-AZ,771,0.0,False
2020-03-15,US-AZ,771,0.0,False
2020-03-22,US-AZ,771,0.0,False
2020-03-29,US-AZ,771,0.0,False
2020-04-05,US-AZ,771,0.0,False
2020-04-12,US-AZ,771,34.0,False
2020-04-19,US-AZ,771,0.0,False
2020-04-26,US-AZ,771,0.0,False
2020-05-03,US-AZ,771,100.0,False
2020-05-10,US-AZ,771,34.0,False
2020-05-17,US-AZ,771,0.0,False
2020-05-24,US-AZ,771,0.0,False
2020-05-31,US-AZ,771,36.0,False
2020-06-07,US-AZ,771,0.0,False
2020-06-14,US-AZ,771,0.0,False
2020-06-21,US-AZ,771,38.0,False
2020-06-28,US-AZ,771,0.0,False
2020-07-05,US-AZ,771,0.0,False
2020-07-12,US-AZ,771,0.0,False
2020-07-19,US-AZ,771,0.0,False
2020-07-26,US-AZ,771,0.0,False
2020-08-02,US-AZ,771,0.0,False
2020-08-09,US-AZ,771,0.0,False
2020-08-16,US-AZ,771,37.0,False
2020-08-23,US-AZ,771,0.0,False
2020-08-30,US-AZ,771,0.0,False
2020-09-06,US-AZ,771,38.0,False
2020-09-13,US-AZ,771,0.0,False
2020-09-20,US-AZ,771,0.0,False
2020-09-27,US-AZ,771,0.0,False
2020-10-04,US-AZ,771,0.0,False
2020-10-11,US-AZ,771,0.0,False
2020-10-18,US-AZ,771,0.0,False
2020-10-25,US-AZ,771,0.0,False
2020-11-01,US-AZ,771,0.0,False
2020-11-08,US-AZ,771,0.0,False
2020-11-15,US-AZ,771,0.0,False
2020-11-22,US-AZ,771,0.0,False
2020-11-29,US-AZ,771,0.0,False
2020-12-06,US-AZ,771,0.0,False
2020-12-13,US-AZ,771,0.0,False
2020-12-20,US-AZ,771,0.0,False
2020-12-27,US-AZ,771,0.0,False
2020-01-05,US-CA,800,0.0,False
2020-01-12,US-CA,800,0.0,False
2020-01-19,US-CA,800,47.0,False
2020-01-26,US-CA,800,46.0,False
2020-02-02,US-CA,800,0.0,False
2020-02-09,US-CA,800,23.0,False
2020-02-16,US-CA,800,23.0,False
2020-02-23,US-CA,800,0.0,False
2020-03-01,US-CA,800,22.0,False
2020-03-08,US-CA,800,0.0,False
2020-03-15,US-CA,800,100.0,False
2020-03-22,US-CA,800,20.0,False
2020-03-29,US-CA,800,58.0,False
2020-04-05,US-CA,800,39.0,False
2020-04-12,US-CA,800,55.0,False
2020-04-19,US-CA,800,36.0,False
2020-04-26,US-CA,800,36.0,False
2020-05-03,US-CA,800,19.0,False
2020-05-10,US-CA,800,38.0,False
2020-05-17,US-CA,800,57.0,False
2020-05-24,US-CA,800,40.0,False
2020-05-31,US-CA,800,0.0,False
2020-06-07,US-CA,800,0.0,False
2020-06-14,US-CA,800,20.0,False
2020-06-21,US-CA,800,20.0,False
2020-06-28,US-CA,800,21.0,False
2020-07-05,US-CA,800,22.0,False
2020-07-12,US-CA,800,0.0,False
2020-07-19,US-CA,800,21.0,False
2020-07-26,US-CA,800,22.0,False
2020-08-02,US-CA,800,63.0,False
2020-08-09,US-CA,800,42.0,False
2020-08-16,US-CA,800,0.0,False
2020-08-23,US-CA,800,0.0,False
2020-08-30,US-CA,800,0.0,False
2020-09-06,US-CA,800,0.0,False
2020-09-13,US-CA,800,19.0,False
2020-09-20,US-CA,800,20.0,False
2020-09-27,US-CA,800,21.0,False
2020-10-04,US-CA,800,22.0,False
2020-10-11,US-CA,800,24.0,False
2020-10-18,US-CA,800,0.0,False
2020-10-25,US-CA,800,0.0,False
2020-11-01,US-CA,800,0.0,False
2020-11-08,US-CA,800,45.0,False
2020-11-15,US-CA,800,47.0,False
2020-11-22,US-CA,800,0.0,False
2020-11-29,US-CA,800,0.0,False
2020-12-06,US-CA,800,67.0,False
2020-12-13,US-CA,800,0.0,False
2020-12-20,US-CA,800,25.0,False
2020-12-27,US-CA,800,47.0,False
2020-01-05,US-CA,868,60.0,False
2020-01-12,US-CA,868,19.0,False
2020-01-19,US-CA,868,0.0,False
2020-01-26,US-CA,868,19.0,False
2020-02-02,US-CA,868,0.0,False
2020-02-09,US-CA,868,0.0,False
2020-02-16,US-CA,868,0.0,False
2020-02-23,US-CA,868,18.0,False
2020-03-01,US-CA,868,0.0,False
2020-03-08,US-CA,868,18.0,False
2020-03-15,US-CA,868,35.0,False
2020-03-22,US-CA,868,16.0,False
2020-03-29,US-CA,868,16.0,False
2020-04-05,US-CA,868,33.0,False
2020-04-12,US-CA,868,31.0,False
2020-04-19,US-CA,868,32.0,False
2020-04-26,US-CA,868,16.0,False
2020-05-03,US-CA,868,63.0,False
2020-05-10,US-CA,868,0.0,False
2020-05-17,US-CA,868,16.0,False
2020-05-24,US-CA,868,0.0,False
2020-05-31,US-CA,868,17.0,False
2020-06-07,US-CA,868,17.0,False
2020-06-14,US-CA,868,0.0,False
2020-06-21,US-CA,868,18.0,False
2020-06-28,US-CA,868,0.0,False
2020-07-05,US-CA,868,19.0,False
2020-07-12,US-CA,868,19.0,False
2020-07-19,US-CA,868,0.0,False
2020-07-26,US-CA,868,0.0,False
2020-08-02,US-CA,868,36.0,False
2020-08-09,US-CA,868,0.0,False
2020-08-16,US-CA,868,17.0,False
2020-08-23,US-CA,868,16.0,False
2020-08-30,US-CA,868,34.0,False
2020-09-06,US-CA,868,0.0,False
2020-09-13,US-CA,868,0.0,False
2020-09-20,US-CA,868,0.0,False
2020-09-27,US-CA,868,18.0,False
2020-10-04,US-CA,868,0.0,False
2020-10-11,US-CA,868,0.0,False
2020-10-18,US-CA,868,21.0,False
2020-10-25,US-CA,868,21.0,False
2020-11-01,US-CA,868,0.0,False
2020-11-08,US-CA,868,20.0,False
2020-11-15,US-CA,868,20.0,False
2020-11-22,US-CA,868,0.0,False
2020-11-29,US-CA,868,0.0,False
2020-12-06,US-CA,868,100.0,False
2020-12-13,US-CA,868,0.0,False
2020-12-20,US-CA,868,0.0,False
2020-12-27,US-CA,868,0.0,False
2020-01-05,US-CA,802,51.0,False
2020-01-12,US-CA,802,0.0,False
2020-01-19,US-CA,802,0.0,False
2020-01-26,US-CA,802,47.0,False
2020-02-02,US-CA,802,0.0,False
2020-02-09,US-CA,802,0.0,False
2020-02-16,US-CA,802,0.0,False
2020-02-23,US-CA,802,0.0,False
2020-03-01,US-CA,802,0.0,False
2020-03-08,US-CA,802,0.0,False
2020-03-15,US-CA,802,0.0,False
2020-03-22,US-CA,802,0.0,False
2020-03-29,US-CA,802,0.0,False
2020-04-05,US-CA,802,38.0,False
2020-04-12,US-CA,802,78.0,False
2020-04-19,US-CA,802,39.0,False
2020-04-26,US-CA,802,0.0,False
2020-05-03,US-CA,802,0.0,False
2020-05-10,US-CA,802,0.0,False
2020-05-17,US-CA,802,0.0,False
2020-05-24,US-CA,802,0.0,False
2020-05-31,US-CA,802,0.0,False
2020-06-07,US-CA,802,0.0,False
2020-06-14,US-CA,802,0.0,False
2020-06-21,US-CA,802,0.0,False
2020-06-28,US-CA,802,0.0,False
2020-07-05,US-CA,802,0.0,False
2020-07-12,US-CA,802,0.0,False
2020-07-19,US-CA,802,0.0,False
2020-07-26,US-CA,802,0.0,False
2020-08-02,US-CA,802,0.0,False
2020-08-09,US-CA,802,0.0,False
2020-08-16,US-CA,802,0.0,False
2020-08-23,US-CA,802,37.0,False
2020-08-30,US-CA,802,0.0,False
2020-09-06,US-CA,802,0.0,False
2020-09-13,US-CA,802,0.0,False
2020-09-20,US-CA,802,40.0,False
2020-09-27,US-CA,802,0.0,False
2020-10-04,US-CA,802,0.0,False
2020-10-11,US-CA,802,0.0,False
2020-10-18,US-CA,802,100.0,False
2020-10-25,US-CA,802,0.0,False
2020-11-01,US-CA,802,41.0,False
2020-11-08,US-CA,802,47.0,False
2020-11-15,US-CA,802,0.0,False
2020-11-22,US-CA,802,0.0,False
2020-11-29,US-CA,802,49.0,False
2020-12-06,US-CA,802,0.0,False
2020-12-13,US-CA,802,0.0,False
2020-12-20,US-CA,802,52.0,False
2020-12-27,US-CA,802,0.0,False
2020-01-05,US-CA,866,36.0,False
2020-01-12,US-CA,866,0.0,False
2020-01-19,US-CA,866,0.0,False
2020-01-26,US-CA,866,11.0,False
2020-02-02,US-CA,866,0.0,False
2020-02-09,US-CA,866,23.0,False
2020-02-16,US-CA,866,23.0,False
2020-02-23,US-CA,866,44.0,False
2020-03-01,US-CA,866,0.0,False
2020-03-08,US-CA,866,11.0,False
2020-03-15,US-CA,866,31.0,False
2020-03-22,US-CA,866,20.0,False
2020-03-29,US-CA,866,48.0,False
2020-04-05,US-CA,866,88.0,False
2020-04-12,US-CA,866,100.0,False
2020-04-19,US-CA,866,44.0,False
2020-04-26,US-CA,866,54.0,False
2020-05-03,US-CA,866,45.0,False
2020-05-10,US-CA,866,47.0,False
2020-05-17,US-CA,866,66.0,False
2020-05-24,US-CA,866,10.0,False
2020-05-31,US-CA,866,28.0,False
2020-06-07,US-CA,866,39.0,False
2020-06-14,US-CA,866,30.0,False
2020-06-21,US-CA,866,30.0,False
2020-06-28,US-CA,866,21.0,False
2020-07-05,US-CA,866,21.0,False
2020-07-12,US-CA,866,42.0,False
2020-07-19,US-CA,866,21.0,False
2020-07-26,US-CA,866,42.0,False
2020-08-02,US-CA,866,42.0,False
2020-08-09,US-CA,866,30.0,False
2020-08-16,US-CA,866,18.0,False
2020-08-23,US-CA,866,27.0,False
2020-08-30,US-CA,866,9.0,False
2020-09-06,US-CA,866,19.0,False
2020-09-13,US-CA,866,37.0,False
2020-09-20,US-CA,866,29.0,False
2020-09-27,US-CA,866,30.0,False
2020-10-04,US-CA,866,32.0,False
2020-10-11,US-CA,866,23.0,False
2020-10-18,US-CA,866,24.0,False
2020-10-25,US-CA,866,47.0,False
2020-11-01,US-CA,866,28.0,False
2020-11-08,US-CA,866,45.0,False
2020-11-15,US-CA,866,46.0,False
2020-11-22,US-CA,866,12.0,False
2020-11-29,US-CA,866,34.0,False
2020-12-06,US-CA,866,11.0,False
2020-12-13,US-CA,866,45.0,False
2020-12-20,US-CA,866,38.0,False
2020-12-27,US-CA,866,12.0,False
2020-01-05,US-CA,803,34.0,False
2020-01-12,US-CA,803,34.0,False
2020-01-19,US-CA,803,27.0,False
2020-01-26,US-CA,803,23.0,False
2020-02-02,US-CA,803,31.0,False
2020-02-09,US-CA,803,32.0,False
2020-02-16,US-CA,803,21.0,False
2020-02-23,US-CA,803,23.0,False
2020-03-01,US-CA,803,30.0,False
2020-03-08,US-CA,803,14.0,False
2020-03-15,US-CA,803,43.0,False
2020-03-22,US-CA,803,78.0,False
2020-03-29,US-CA,803,86.0,False
2020-04-05,US-CA,803,68.0,False
2020-04-12,US-CA,803,90.0,False
2020-04-19,US-CA,803,57.0,False
2020-04-26,US-CA,803,89.0,False
2020-05-03,US-CA,803,65.0,False
2020-05-10,US-CA,803,59.0,False
2020-05-17,US-CA,803,100.0,False
2020-05-24,US-CA,803,48.0,False
2020-05-31,US-CA,803,49.0,False
2020-06-07,US-CA,803,52.0,False
2020-06-14,US-CA,803,69.0,False
2020-06-21,US-CA,803,59.0,False
2020-06-28,US-CA,803,62.0,False
2020-07-05,US-CA,803,52.0,False
2020-07-12,US-CA,803,52.0,False
2020-07-19,US-CA,803,48.0,False
2020-07-26,US-CA,803,31.0,False
2020-08-02,US-CA,803,48.0,False
2020-08-09,US-CA,803,67.0,False
2020-08-16,US-CA,803,36.0,False
2020-08-23,US-CA,803,48.0,False
2020-08-30,US-CA,803,46.0,False
2020-09-06,US-CA,803,43.0,False
2020-09-13,US-CA,803,55.0,False
2020-09-20,US-CA,803,38.0,False
2020-09-27,US-CA,803,37.0,False
2020-10-04,US-CA,803,50.0,False
2020-10-11,US-CA,803,58.0,False
2020-10-18,US-CA,803,42.0,False
2020-10-25,US-CA,803,27.0,False
2020-11-01,US-CA,803,40.0,False
2020-11-08,US-CA,803,42.0,False
2020-11-15,US-CA,803,52.0,False
2020-11-22,US-CA,803,24.0,False
2020-11-29,US-CA,803,49.0,False
2020-12-06,US-CA,803,40.0,False
2020-12-13,US-CA,803,51.0,False
2020-12-20,US-CA,803,29.0,False
2020-12-27,US-CA,803,67.0,False
2020-01-05,US-CA,813,0.0,False
2020-01-12,US-CA,813,0.0,False
2020-01-19,US-CA,813,0.0,False
2020-01-26,US-CA,813,0.0,False
2020-02-02,US-CA,813,0.0,False
2020-02-09,US-CA,813,0.0,False
2020-02-16,US-CA,813,0.0,False
2020-02-23,US-CA,813,0.0,False
2020-03-01,US-CA,813,0.0,False
2020-03-08,US-CA,813,0.0,False
2020-03-15,US-CA,813,0.0,False
2020-03-22,US-CA,813,0.0,False
2020-03-29,US-CA,813,0.0,False
2020-04-05,US-CA,813,0.0,False
2020-04-12,US-CA,813,0.0,False
2020-04-19,US-CA,813,0.0,False
2020-04-26,US-CA,813,0.0,False
2020-05-03,US-CA,813,0.0,False
2020-05-10,US-CA,813,0.0,False
2020-05-17,US-CA,813,0.0,False
2020-05-24,US-CA,813,0.0,False
2020-05-31,US-CA,813,0.0,False
2020-06-07,US-CA,813,0.0,False
2020-06-14,US-CA,813,0.0,False
2020-06-21,US-CA,813,0.0,False
2020-06-28,US-CA,813,0.0,False
2020-07-05,US-CA,813,0.0,False
2020-07-12,US-CA,813,0.0,False
2020-07-19,US-CA,813,88.0,False
2020-07-26,US-CA,813,0.0,False
2020-08-02,US-CA,813,0.0,False
2020-08-09,US-CA,813,88.0,False
2020-08-16,US-CA,813,0.0,False
2020-08-23,US-CA,813,0.0,False
2020-08-30,US-CA,813,0.0,False
2020-09-06,US-CA,813,0.0,False
2020-09-13,US-CA,813,0.0,False
2020-09-20,US-CA,813,0.0,False
2020-09-27,US-CA,813,0.0,False
2020-10-04,US-CA,813,0.0,False
2020-10-11,US-CA,813,0.0,False
2020-10-18,US-CA,813,0.0,False
2020-10-25,US-CA,813,0.0,False
2020-11-01,US-CA,813,0.0,False
2020-11-08,US-CA,813,0.0,False
2020-11-15,US-CA,813,94.0,False
2020-11-22,US-CA,813,0.0,False
2020-11-29,US-CA,813,0.0,False
2020-12-06,US-CA,813,0.0,False
2020-12-13,US-CA,813,100.0,False
2020-12-20,US-CA,813,0.0,False
2020-12-27,US-CA,813,0.0,False
2020-01-05,US-CA,828,65.0,False
2020-01-12,US-CA,828,0.0,False
2020-01-19,US-CA,828,0.0,False
2020-01-26,US-CA,828,30.0,False
2020-02-02,US-CA,828,60.0,False
2020-02-09,US-CA,828,0.0,False
2020-02-16,US-CA,828,29.0,False
2020-02-23,US-CA,828,0.0,False
2020-03-01,US-CA,828,82.0,False
2020-03-08,US-CA,828,0.0,False
2020-03-15,US-CA,828,0.0,False
2020-03-22,US-CA,828,25.0,False
2020-03-29,US-CA,828,25.0,False
2020-04-05,US-CA,828,50.0,False
2020-04-12,US-CA,828,49.0,False
2020-04-19,US-CA,828,0.0,False
2020-04-26,US-CA,828,74.0,False
2020-05-03,US-CA,828,25.0,False
2020-05-10,US-CA,828,25.0,False
2020-05-17,US-CA,828,0.0,False
2020-05-24,US-CA,828,51.0,False
2020-05-31,US-CA,828,0.0,False
2020-06-07,US-CA,828,0.0,False
2020-06-14,US-CA,828,27.0,False
2020-06-21,US-CA,828,27.0,False
2020-06-28,US-CA,828,0.0,False
2020-07-05,US-CA,828,0.0,False
2020-07-12,US-CA,828,56.0,False
2020-07-19,US-CA,828,28.0,False
2020-07-26,US-CA,828,28.0,False
2020-08-02,US-CA,828,0.0,False
2020-08-09,US-CA,828,26.0,False
2020-08-16,US-CA,828,24.0,False
2020-08-23,US-CA,828,82.0,False
2020-08-30,US-CA,828,27.0,False
2020-09-06,US-CA,828,78.0,False
2020-09-13,US-CA,828,0.0,False
2020-09-20,US-CA,828,0.0,False
2020-09-27,US-CA,828,56.0,False
2020-10-04,US-CA,828,30.0,False
2020-10-11,US-CA,828,68.0,False
2020-10-18,US-CA,828,0.0,False
2020-10-25,US-CA,828,34.0,False
2020-11-01,US-CA,828,27.0,False
2020-11-08,US-CA,828,65.0,False
2020-11-15,US-CA,828,100.0,False
2020-11-22,US-CA,828,68.0,False
2020-11-29,US-CA,828,0.0,False
2020-12-06,US-CA,828,0.0,False
2020-12-13,US-CA,828,34.0,False
2020-12-20,US-CA,828,0.0,False
2020-12-27,US-CA,828,0.0,False
2020-01-05,US-CA,804,39.0,False
2020-01-12,US-CA,804,36.0,False
2020-01-19,US-CA,804,0.0,False
2020-01-26,US-CA,804,0.0,False
2020-02-02,US-CA,804,0.0,False
2020-02-09,US-CA,804,34.0,False
2020-02-16,US-CA,804,0.0,False
2020-02-23,US-CA,804,0.0,False
2020-03-01,US-CA,804,0.0,False
2020-03-08,US-CA,804,0.0,False
2020-03-15,US-CA,804,0.0,False
2020-03-22,US-CA,804,0.0,False
2020-03-29,US-CA,804,96.0,False
2020-04-05,US-CA,804,31.0,False
2020-04-12,US-CA,804,32.0,False
2020-04-19,US-CA,804,0.0,False
2020-04-26,US-CA,804,63.0,False
2020-05-03,US-CA,804,32.0,False
2020-05-10,US-CA,804,0.0,False
2020-05-17,US-CA,804,0.0,False
2020-05-24,US-CA,804,100.0,False
2020-05-31,US-CA,804,0.0,False
2020-06-07,US-CA,804,35.0,False
2020-06-14,US-CA,804,0.0,False
2020-06-21,US-CA,804,35.0,False
2020-06-28,US-CA,804,0.0,False
2020-07-05,US-CA,804,0.0,False
2020-07-12,US-CA,804,0.0,False
2020-07-19,US-CA,804,38.0,False
2020-07-26,US-CA,804,0.0,False
2020-08-02,US-CA,804,0.0,False
2020-08-09,US-CA,804,0.0,False
2020-08-16,US-CA,804,0.0,False
2020-08-23,US-CA,804,35.0,False
2020-08-30,US-CA,804,0.0,False
2020-09-06,US-CA,804,0.0,False
2020-09-13,US-CA,804,35.0,False
2020-09-20,US-CA,804,0.0,False
2020-09-27,US-CA,804,37.0,False
2020-10-04,US-CA,804,0.0,False
2020-10-11,US-CA,804,0.0,False
2020-10-18,US-CA,804,0.0,False
2020-10-25,US-CA,804,0.0,False
2020-11-01,US-CA,804,0.0,False
2020-11-08,US-CA,804,0.0,False
2020-11-15,US-CA,804,0.0,False
2020-11-22,US-CA,804,36.0,False
2020-11-29,US-CA,804,0.0,False
2020-12-06,US-CA,804,0.0,False
2020-12-13,US-CA,804,0.0,False
2020-12-20,US-CA,804,40.0,False
2020-12-27,US-CA,804,38.0,False
2020-01-05,US-CA,811,0.0,False
2020-01-12,US-CA,811,0.0,False
2020-01-19,US-CA,811,0.0,False
2020-01-26,US-CA,811,0.0,False
2020-02-02,US-CA,811,100.0,False
2020-02-09,US-CA,811,0.0,False
2020-02-16,US-CA,811,0.0,False
2020-02-23,US-CA,811,0.0,False
2020-03-01,US-CA,811,0.0,False
2020-03-08,US-CA,811,0.0,False
2020-03-15,US-CA,811,0.0,False
2020-03-22,US-CA,811,0.0,False
2020-03-29,US-CA,811,0.0,False
2020-04-05,US-CA,811,0.0,False
2020-04-12,US-CA,811,86.0,False
2020-04-19,US-CA,811,0.0,False
2020-04-26,US-CA,811,0.0,False
2020-05-03,US-CA,811,0.0,False
2020-05-10,US-CA,811,87.0,False
2020-05-17,US-CA,811,0.0,False
2020-05-24,US-CA,811,0.0,False
2020-05-31,US-CA,811,0.0,False
2020-06-07,US-CA,811,0.0,False
2020-06-14,US-CA,811,0.0,False
2020-06-21,US-CA,811,0.0,False
2020-06-28,US-CA,811,0.0,False
2020-07-05,US-CA,811,0.0,False
2020-07-12,US-CA,811,0.0,False
2020-07-19,US-CA,811,0.0,False
2020-07-26,US-CA,811,0.0,False
2020-08-02,US-CA,811,0.0,False
2020-08-09,US-CA,811,93.0,False
2020-08-16,US-CA,811,0.0,False
2020-08-23,US-CA,811,0.0,False
2020-08-30,US-CA,811,0.0,False
2020-09-06,US-CA,811,0.0,False
2020-09-13,US-CA,811,0.0,False
2020-09-20,US-CA,811,93.0,False
2020-09-27,US-CA,811,0.0,False
2020-10-04,US-CA,811,0.0,False
2020-10-11,US-CA,811,0.0,False
2020-10-18,US-CA,811,0.0,False
2020-10-25,US-CA,811,0.0,False
2020-11-01,US-CA,811,0.0,False
2020-11-08,US-CA,811,0.0,False
2020-11-15,US-CA,811,0.0,False
2020-11-22,US-CA,811,0.0,False
2020-11-29,US-CA,811,0.0,False
2020-12-06,US-CA,811,0.0,False
2020-12-13,US-CA,811,0.0,False
2020-12-20,US-CA,811,0.0,False
2020-12-27,US-CA,811,0.0,False
2020-01-05,US-CA,862,8.0,False
2020-01-12,US-CA,862,22.0,False
2020-01-19,US-CA,862,45.0,False
2020-01-26,US-CA,862,7.0,False
2020-02-02,US-CA,862,60.0,False
2020-02-09,US-CA,862,38.0,False
2020-02-16,US-CA,862,29.0,False
2020-02-23,US-CA,862,43.0,False
2020-03-01,US-CA,862,7.0,False
2020-03-08,US-CA,862,21.0,False
2020-03-15,US-CA,862,46.0,False
2020-03-22,US-CA,862,26.0,False
2020-03-29,US-CA,862,44.0,False
2020-04-05,US-CA,862,39.0,False
2020-04-12,US-CA,862,100.0,False
2020-04-19,US-CA,862,67.0,False
2020-04-26,US-CA,862,37.0,False
2020-05-03,US-CA,862,31.0,False
2020-05-10,US-CA,862,31.0,False
2020-05-17,US-CA,862,99.0,False
2020-05-24,US-CA,862,25.0,False
2020-05-31,US-CA,862,37.0,False
2020-06-07,US-CA,862,58.0,False
2020-06-14,US-CA,862,52.0,False
2020-06-21,US-CA,862,53.0,False
2020-06-28,US-CA,862,68.0,False
2020-07-05,US-CA,862,20.0,False
2020-07-12,US-CA,862,47.0,False
2020-07-19,US-CA,862,14.0,False
2020-07-26,US-CA,862,48.0,False
2020-08-02,US-CA,862,48.0,False
2020-08-09,US-CA,862,20.0,False
2020-08-16,US-CA,862,37.0,False
2020-08-23,US-CA,862,56.0,False
2020-08-30,US-CA,862,37.0,False
2020-09-06,US-CA,862,44.0,False
2020-09-13,US-CA,862,69.0,False
2020-09-20,US-CA,862,46.0,False
2020-09-27,US-CA,862,20.0,False
2020-10-04,US-CA,862,22.0,False
2020-10-11,US-CA,862,48.0,False
2020-10-18,US-CA,862,24.0,False
2020-10-25,US-CA,862,46.0,False
2020-11-01,US-CA,862,12.0,False
2020-11-08,US-CA,862,44.0,False
2020-11-15,US-CA,862,46.0,False
2020-11-22,US-CA,862,49.0,False
2020-11-29,US-CA,862,53.0,False
2020-12-06,US-CA,862,38.0,False
2020-12-13,US-CA,862,53.0,False
2020-12-20,US-CA,862,57.0,False
2020-12-27,US-CA,862,39.0,False
2020-01-05,US-CA,825,40.0,False
2020-01-12,US-CA,825,8.0,False
2020-01-19,US-CA,825,23.0,False
2020-01-26,US-CA,825,15.0,False
2020-02-02,US-CA,825,23.0,False
2020-02-09,US-CA,825,37.0,False
2020-02-16,US-CA,825,37.0,False
2020-02-23,US-CA,825,28.0,False
2020-03-01,US-CA,825,35.0,False
2020-03-08,US-CA,825,20.0,False
2020-03-15,US-CA,825,54.0,False
2020-03-22,US-CA,825,48.0,False
2020-03-29,US-CA,825,48.0,False
2020-04-05,US-CA,825,100.0,False
2020-04-12,US-CA,825,20.0,False
2020-04-19,US-CA,825,45.0,False
2020-04-26,US-CA,825,39.0,False
2020-05-03,US-CA,825,45.0,False
2020-05-10,US-CA,825,87.0,False
2020-05-17,US-CA,825,86.0,False
2020-05-24,US-CA,825,48.0,False
2020-05-31,US-CA,825,65.0,False
2020-06-07,US-CA,825,47.0,False
2020-06-14,US-CA,825,28.0,False
2020-06-21,US-CA,825,42.0,False
2020-06-28,US-CA,825,44.0,False
2020-07-05,US-CA,825,79.0,False
2020-07-12,US-CA,825,36.0,False
2020-07-19,US-CA,825,22.0,False
2020-07-26,US-CA,825,73.0,False
2020-08-02,US-CA,825,29.0,False
2020-08-09,US-CA,825,50.0,False
2020-08-16,US-CA,825,14.0,False
2020-08-23,US-CA,825,14.0,False
2020-08-30,US-CA,825,76.0,False
2020-09-06,US-CA,825,74.0,False
2020-09-13,US-CA,825,41.0,False
2020-09-20,US-CA,825,21.0,False
2020-09-27,US-CA,825,45.0,False
2020-10-04,US-CA,825,31.0,False
2020-10-11,US-CA,825,77.0,False
2020-10-18,US-CA,825,42.0,False
2020-10-25,US-CA,825,26.0,False
2020-11-01,US-CA,825,40.0,False
2020-11-08,US-CA,825,49.0,False
2020-11-15,US-CA,825,58.0,False
2020-11-22,US-CA,825,26.0,False
2020-11-29,US-CA,825,8.0,False
2020-12-06,US-CA,825,32.0,False
2020-12-13,US-CA,825,75.0,False
2020-12-20,US-CA,825,37.0,False
2020-12-27,US-CA,825,27.0,False
2020-01-05,US-CA,807,5.0,False
2020-01-12,US-CA,807,38.0,False
2020-01-19,US-CA,807,15.0,False
2020-01-26,US-CA,807,14.0,False
2020-02-02,US-CA,807,34.0,False
2020-02-09,US-CA,807,29.0,False
2020-02-16,US-CA,807,10.0,False
2020-02-23,US-CA,807,27.0,False
2020-03-01,US-CA,807,13.0,False
2020-03-08,US-CA,807,36.0,False
2020-03-15,US-CA,807,35.0,False
2020-03-22,US-CA,807,48.0,False
2020-03-29,US-CA,807,43.0,False
2020-04-05,US-CA,807,44.0,False
2020-04-12,US-CA,807,100.0,False
2020-04-19,US-CA,807,72.0,False
2020-04-26,US-CA,807,67.0,False
2020-05-03,US-CA,807,68.0,False
2020-05-10,US-CA,807,81.0,False
2020-05-17,US-CA,807,60.0,False
2020-05-24,US-CA,807,43.0,False
2020-05-31,US-CA,807,29.0,False
2020-06-07,US-CA,807,39.0,False
2020-06-14,US-CA,807,27.0,False
2020-06-21,US-CA,807,27.0,False
2020-06-28,US-CA,807,42.0,False
2020-07-05,US-CA,807,42.0,False
2020-07-12,US-CA,807,35.0,False
2020-07-19,US-CA,807,23.0,False
2020-07-26,US-CA,807,28.0,False
2020-08-02,US-CA,807,47.0,False
2020-08-09,US-CA,807,37.0,False
2020-08-16,US-CA,807,30.0,False
2020-08-23,US-CA,807,26.0,False
2020-08-30,US-CA,807,40.0,False
2020-09-06,US-CA,807,27.0,False
2020-09-13,US-CA,807,36.0,False
2020-09-20,US-CA,807,46.0,False
2020-09-27,US-CA,807,59.0,False
2020-10-04,US-CA,807,46.0,False
2020-10-11,US-CA,807,47.0,False
2020-10-18,US-CA,807,29.0,False
2020-10-25,US-CA,807,43.0,False
2020-11-01,US-CA,807,25.0,False
2020-11-08,US-CA,807,35.0,False
2020-11-15,US-CA,807,23.0,False
2020-11-22,US-CA,807,24.0,False
2020-11-29,US-CA,807,44.0,False
2020-12-06,US-CA,807,39.0,False
2020-12-13,US-CA,807,51.0,False
2020-12-20,US-CA,807,62.0,False
2020-12-27,US-CA,807,62.0,False
2020-01-05,US-CA,855,52.0,False
2020-01-12,US-CA,855,74.0,False
2020-01-19,US-CA,855,50.0,False
2020-01-26,US-CA,855,0.0,False
2020-02-02,US-CA,855,100.0,False
2020-02-09,US-CA,855,0.0,False
2020-02-16,US-CA,855,0.0,False
2020-02-23,US-CA,855,23.0,False
2020-03-01,US-CA,855,22.0,False
2020-03-08,US-CA,855,21.0,False
2020-03-15,US-CA,855,44.0,False
2020-03-22,US-CA,855,23.0,False
2020-03-29,US-CA,855,22.0,False
2020-04-05,US-CA,855,22.0,False
2020-04-12,US-CA,855,0.0,False
2020-04-19,US-CA,855,65.0,False
2020-04-26,US-CA,855,22.0,False
2020-05-03,US-CA,855,44.0,False
2020-05-10,US-CA,855,23.0,False
2020-05-17,US-CA,855,68.0,False
2020-05-24,US-CA,855,0.0,False
2020-05-31,US-CA,855,22.0,False
2020-06-07,US-CA,855,0.0,False
2020-06-14,US-CA,855,24.0,False
2020-06-21,US-CA,855,0.0,False
2020-06-28,US-CA,855,0.0,False
2020-07-05,US-CA,855,0.0,False
2020-07-12,US-CA,855,25.0,False
2020-07-19,US-CA,855,25.0,False
2020-07-26,US-CA,855,51.0,False
2020-08-02,US-CA,855,0.0,False
2020-08-09,US-CA,855,25.0,False
2020-08-16,US-CA,855,22.0,False
2020-08-23,US-CA,855,0.0,False
2020-08-30,US-CA,855,23.0,False
2020-09-06,US-CA,855,0.0,False
2020-09-13,US-CA,855,0.0,False
2020-09-20,US-CA,855,23.0,False
2020-09-27,US-CA,855,0.0,False
2020-10-04,US-CA,855,0.0,False
2020-10-11,US-CA,855,28.0,False
2020-10-18,US-CA,855,0.0,False
2020-10-25,US-CA,855,0.0,False
2020-11-01,US-CA,855,22.0,False
2020-11-08,US-CA,855,0.0,False
2020-11-15,US-CA,855,0.0,False
2020-11-22,US-CA,855,0.0,False
2020-11-29,US-CA,855,56.0,False
2020-12-06,US-CA,855,29.0,False
2020-12-13,US-CA,855,30.0,False
2020-12-20,US-CA,855,33.0,False
2020-12-27,US-CA,855,0.0,False
2020-01-05,US-CA,771,0.0,False
2020-01-12,US-CA,771,0.0,False
2020-01-19,US-CA,771,0.0,False
2020-01-26,US-CA,771,0.0,False
2020-02-02,US-CA,771,0.0,False
2020-02-09,US-CA,771,0.0,False
2020-02-16,US-CA,771,0.0,False
2020-02-23,US-CA,771,0.0,False
2020-03-01,US-CA,771,0.0,False
2020-03-08,US-CA,771,0.0,False
2020-03-15,US-CA,771,0.0,False
2020-03-22,US-CA,771,0.0,False
2020-03-29,US-CA,771,0.0,False
2020-04-05,US-CA,771,0.0,False
2020-04-12,US-CA,771,34.0,False
2020-04-19,US-CA,771,0.0,False
2020-04-26,US-CA,771,0.0,False
2020-05-03,US-CA,771,100.0,False
2020-05-10,US-CA,771,34.0,False
2020-05-17,US-CA,771,0.0,False
2020-05-24,US-CA,771,0.0,False
2020-05-31,US-CA,771,36.0,False
2020-06-07,US-CA,771,0.0,False
2020-06-14,US-CA,771,0.0,False
2020-06-21,US-CA,771,38.0,False
2020-06-28,US-CA,771,0.0,False
2020-07-05,US-CA,771,0.0,False
2020-07-12,US-CA,771,0.0,False
2020-07-19,US-CA,771,0.0,False
2020-07-26,US-CA,771,0.0,False
2020-08-02,US-CA,771,0.0,False
2020-08-09,US-CA,771,0.0,False
2020-08-16,US-CA,771,37.0,False
2020-08-23,US-CA,771,0.0,False
2020-08-30,US-CA,771,0.0,False
2020-09-06,US-CA,771,38.0,False
2020-09-13,US-CA,771,0.0,False
2020-09-20,US-CA,771,0.0,False
2020-09-27,US-CA,771,0.0,False
2020-10-04,US-CA,771,0.0,False
2020-10-11,US-CA,771,0.0,False
2020-10-18,US-CA,771,0.0,False
2020-10-25,US-CA,771,0.0,False
2020-11-01,US-CA,771,0.0,False
2020-11-08,US-CA,771,0.0,False
2020-11-15,US-CA,771,0.0,False
2020-11-22,US-CA,771,0.0,False
2020-11-29,US-CA,771,0.0,False
2020-12-06,US-CA,771,0.0,False
2020-12-13,US-CA,771,0.0,False
2020-12-20,US-CA,771,0.0,False
2020-12-27,US-CA,771,0.0,False
2020-01-05,US-CO,751,0.0,False
2020-01-12,US-CO,751,0.0,False
2020-01-19,US-CO,751,0.0,False
2020-01-26,US-CO,751,0.0,False
2020-02-02,US-CO,751,0.0,False
2020-02-09,US-CO,751,0.0,False
2020-02-16,US-CO,751,0.0,False
2020-02-23,US-CO,751,0.0,False
2020-03-01,US-CO,751,0.0,False
2020-03-08,US-CO,751,0.0,False
2020-03-15,US-CO,751,0.0,False
2020-03-22,US-CO,751,0.0,False
2020-03-29,US-CO,751,0.0,False
2020-04-05,US-CO,751,0.0,False
2020-04-12,US-CO,751,100.0,False
2020-04-19,US-CO,751,0.0,False
2020-04-26,US-CO,751,0.0,False
2020-05-03,US-CO,751,0.0,False
2020-05-10,US-CO,751,0.0,False
2020-05-17,US-CO,751,0.0,False
2020-05-24,US-CO,751,0.0,False
2020-05-31,US-CO,751,0.0,False
2020-06-07,US-CO,751,0.0,False
2020-06-14,US-CO,751,0.0,False
2020-06-21,US-CO,751,0.0,False
2020-06-28,US-CO,751,0.0,False
2020-07-05,US-CO,751,0.0,False
2020-07-12,US-CO,751,0.0,False
2020-07-19,US-CO,751,0.0,False
2020-07-26,US-CO,751,0.0,False
2020-08-02,US-CO,751,0.0,False
2020-08-09,US-CO,751,0.0,False
2020-08-16,US-CO,751,0.0,False
2020-08-23,US-CO,751,0.0,False
2020-08-30,US-CO,751,0.0,False
2020-09-06,US-CO,751,0.0,False
2020-09-13,US-CO,751,0.0,False
2020-09-20,US-CO,751,0.0,False
2020-09-27,US-CO,751,0.0,False
2020-10-04,US-CO,751,0.0,False
2020-10-11,US-CO,751,0.0,False
2020-10-18,US-CO,751,0.0,False
2020-10-25,US-CO,751,0.0,False
2020-11-01,US-CO,751,0.0,False
2020-11-08,US-CO,751,0.0,False
2020-11-15,US-CO,751,0.0,False
2020-11-22,US-CO,751,0.0,False
2020-11-29,US-CO,751,0.0,False
2020-12-06,US-CO,751,0.0,False
2020-12-13,US-CO,751,0.0,False
2020-12-20,US-CO,751,0.0,False
2020-12-27,US-CO,751,0.0,False
2020-01-05,US-DC,528,0.0,False
2020-01-12,US-DC,528,0.0,False
2020-01-19,US-DC,528,0.0,False
2020-01-26,US-DC,528,0.0,False
2020-02-02,US-DC,528,0.0,False
2020-02-09,US-DC,528,0.0,False
2020-02-16,US-DC,528,0.0,False
2020-02-23,US-DC,528,0.0,False
2020-03-01,US-DC,528,0.0,False
2020-03-08,US-DC,528,0.0,False
2020-03-15,US-DC,528,0.0,False
2020-03-22,US-DC,528,100.0,False
2020-03-29,US-DC,528,0.0,False
2020-04-05,US-DC,528,0.0,False
2020-04-12,US-DC,528,0.0,False
2020-04-19,US-DC,528,0.0,False
2020-04-26,US-DC,528,0.0,False
2020-05-03,US-DC,528,0.0,False
2020-05-10,US-DC,528,0.0,False
2020-05-17,US-DC,528,0.0,False
2020-05-24,US-DC,528,0.0,False
2020-05-31,US-DC,528,0.0,False
2020-06-07,US-DC,528,95.0,False
2020-06-14,US-DC,528,0.0,False
2020-06-21,US-DC,528,0.0,False
2020-06-28,US-DC,528,0.0,False
2020-07-05,US-DC,528,0.0,False
2020-07-12,US-DC,528,0.0,False
2020-07-19,US-DC,528,0.0,False
2020-07-26,US-DC,528,0.0,False
2020-08-02,US-DC,528,0.0,False
2020-08-09,US-DC,528,0.0,False
2020-08-16,US-DC,528,0.0,False
2020-08-23,US-DC,528,0.0,False
2020-08-30,US-DC,528,0.0,False
2020-09-06,US-DC,528,0.0,False
2020-09-13,US-DC,528,0.0,False
2020-09-20,US-DC,528,0.0,False
2020-09-27,US-DC,528,0.0,False
2020-10-04,US-DC,528,0.0,False
2020-10-11,US-DC,528,0.0,False
2020-10-18,US-DC,528,0.0,False
2020-10-25,US-DC,528,0.0,False
2020-11-01,US-DC,528,0.0,False
2020-11-08,US-DC,528,0.0,False
2020-11-15,US-DC,528,0.0,False
2020-11-22,US-DC,528,0.0,False
2020-11-29,US-DC,528,0.0,False
2020-12-06,US-DC,528,0.0,False
2020-12-13,US-DC,528,0.0,False
2020-12-20,US-DC,528,0.0,False
2020-12-27,US-DC,528,0.0,False
2020-01-05,US-DC,534,0.0,False
2020-01-12,US-DC,534,0.0,False
2020-01-19,US-DC,534,0.0,False
2020-01-26,US-DC,534,0.0,False
2020-02-02,US-DC,534,0.0,False
2020-02-09,US-DC,534,0.0,False
2020-02-16,US-DC,534,100.0,False
2020-02-23,US-DC,534,0.0,False
2020-03-01,US-DC,534,0.0,False
2020-03-08,US-DC,534,0.0,False
2020-03-15,US-DC,534,0.0,False
2020-03-22,US-DC,534,0.0,False
2020-03-29,US-DC,534,0.0,False
2020-04-05,US-DC,534,0.0,False
2020-04-12,US-DC,534,93.0,False
2020-04-19,US-DC,534,0.0,False
2020-04-26,US-DC,534,0.0,False
2020-05-03,US-DC,534,0.0,False
2020-05-10,US-DC,534,0.0,False
2020-05-17,US-DC,534,0.0,False
2020-05-24,US-DC,534,0.0,False
2020-05-31,US-DC,534,0.0,False
2020-06-07,US-DC,534,100.0,False
2020-06-14,US-DC,534,0.0,False
2020-06-21,US-DC,534,0.0,False
2020-06-28,US-DC,534,0.0,False
2020-07-05,US-DC,534,0.0,False
2020-07-12,US-DC,534,0.0,False
2020-07-19,US-DC,534,0.0,False
2020-07-26,US-DC,534,0.0,False
2020-08-02,US-DC,534,0.0,False
2020-08-09,US-DC,534,0.0,False
2020-08-16,US-DC,534,0.0,False
2020-08-23,US-DC,534,0.0,False
2020-08-30,US-DC,534,0.0,False
2020-09-06,US-DC,534,0.0,False
2020-09-13,US-DC,534,0.0,False
2020-09-20,US-DC,534,0.0,False
2020-09-27,US-DC,534,0.0,False
2020-10-04,US-DC,534,0.0,False
2020-10-11,US-DC,534,0.0,False
2020-10-18,US-DC,534,0.0,False
2020-10-25,US-DC,534,0.0,False
2020-11-01,US-DC,534,0.0,False
2020-11-08,US-DC,534,0.0,False
2020-11-15,US-DC,534,0.0,False
2020-11-22,US-DC,534,0.0,False
2020-11-29,US-DC,534,0.0,False
2020-12-06,US-DC,534,0.0,False
2020-12-13,US-DC,534,0.0,False
2020-12-20,US-DC,534,0.0,False
2020-12-27,US-DC,534,0.0,False
2020-01-05,US-DC,539,0.0,False
2020-01-12,US-DC,539,0.0,False
2020-01-19,US-DC,539,0.0,False
2020-01-26,US-DC,539,0.0,False
2020-02-02,US-DC,539,0.0,False
2020-02-09,US-DC,539,0.0,False
2020-02-16,US-DC,539,0.0,False
2020-02-23,US-DC,539,0.0,False
2020-03-01,US-DC,539,0.0,False
2020-03-08,US-DC,539,0.0,False
2020-03-15,US-DC,539,0.0,False
2020-03-22,US-DC,539,0.0,False
2020-03-29,US-DC,539,0.0,False
2020-04-05,US-DC,539,0.0,False
2020-04-12,US-DC,539,0.0,False
2020-04-19,US-DC,539,0.0,False
2020-04-26,US-DC,539,0.0,False
2020-05-03,US-DC,539,0.0,False
2020-05-10,US-DC,539,0.0,False
2020-05-17,US-DC,539,0.0,False
2020-05-24,US-DC,539,0.0,False
2020-05-31,US-DC,539,100.0,False
2020-06-07,US-DC,539,0.0,False
2020-06-14,US-DC,539,0.0,False
2020-06-21,US-DC,539,0.0,False
2020-06-28,US-DC,539,0.0,False
2020-07-05,US-DC,539,0.0,False
2020-07-12,US-DC,539,0.0,False
2020-07-19,US-DC,539,0.0,False
2020-07-26,US-DC,539,0.0,False
2020-08-02,US-DC,539,0.0,False
2020-08-09,US-DC,539,0.0,False
2020-08-16,US-DC,539,0.0,False
2020-08-23,US-DC,539,0.0,False
2020-08-30,US-DC,539,0.0,False
2020-09-06,US-DC,539,0.0,False
2020-09-13,US-DC,539,0.0,False
2020-09-20,US-DC,539,0.0,False
2020-09-27,US-DC,539,0.0,False
2020-10-04,US-DC,539,0.0,False
2020-10-11,US-DC,539,0.0,False
2020-10-18,US-DC,539,0.0,False
2020-10-25,US-DC,539,0.0,False
2020-11-01,US-DC,539,0.0,False
2020-11-08,US-DC,539,0.0,False
2020-11-15,US-DC,539,0.0,False
2020-11-22,US-DC,539,0.0,False
2020-11-29,US-DC,539,0.0,False
2020-12-06,US-DC,539,0.0,False
2020-12-13,US-DC,539,0.0,False
2020-12-20,US-DC,539,0.0,False
2020-12-27,US-DC,539,0.0,False
2020-01-05,US-FL,524,0.0,False
2020-01-12,US-FL,524,0.0,False
2020-01-19,US-FL,524,0.0,False
2020-01-26,US-FL,524,0.0,False
2020-02-02,US-FL,524,0.0,False
2020-02-09,US-FL,524,0.0,False
2020-02-16,US-FL,524,0.0,False
2020-02-23,US-FL,524,0.0,False
2020-03-01,US-FL,524,0.0,False
2020-03-08,US-FL,524,100.0,False
2020-03-15,US-FL,524,0.0,False
2020-03-22,US-FL,524,0.0,False
2020-03-29,US-FL,524,0.0,False
2020-04-05,US-FL,524,0.0,False
2020-04-12,US-FL,524,0.0,False
2020-04-19,US-FL,524,0.0,False
2020-04-26,US-FL,524,0.0,False
2020-05-03,US-FL,524,0.0,False
2020-05-10,US-FL,524,99.0,False
2020-05-17,US-FL,524,0.0,False
2020-05-24,US-FL,524,0.0,False
2020-05-31,US-FL,524,0.0,False
2020-06-07,US-FL,524,0.0,False
2020-06-14,US-FL,524,0.0,False
2020-06-21,US-FL,524,0.0,False
2020-06-28,US-FL,524,0.0,False
2020-07-05,US-FL,524,0.0,False
2020-07-12,US-FL,524,0.0,False
2020-07-19,US-FL,524,0.0,False
2020-07-26,US-FL,524,0.0,False
2020-08-02,US-FL,524,0.0,False
2020-08-09,US-FL,524,0.0,False
2020-08-16,US-FL,524,0.0,False
2020-08-23,US-FL,524,97.0,False
2020-08-30,US-FL,524,0.0,False
2020-09-06,US-FL,524,0.0,False
2020-09-13,US-FL,524,96.0,False
2020-09-20,US-FL,524,0.0,False
2020-09-27,US-FL,524,0.0,False
2020-10-04,US-FL,524,0.0,False
2020-10-11,US-FL,524,0.0,False
2020-10-18,US-FL,524,0.0,False
2020-10-25,US-FL,524,0.0,False
2020-11-01,US-FL,524,0.0,False
2020-11-08,US-FL,524,0.0,False
2020-11-15,US-FL,524,0.0,False
2020-11-22,US-FL,524,0.0,False
2020-11-29,US-FL,524,0.0,False
2020-12-06,US-FL,524,0.0,False
2020-12-13,US-FL,524,0.0,False
2020-12-20,US-FL,524,0.0,False
2020-12-27,US-FL,524,0.0,False
2020-01-05,US-ID,602,0.0,False
2020-01-12,US-ID,602,0.0,False
2020-01-19,US-ID,602,0.0,False
2020-01-26,US-ID,602,0.0,False
2020-02-02,US-ID,602,0.0,False
2020-02-09,US-ID,602,0.0,False
2020-02-16,US-ID,602,0.0,False
2020-02-23,US-ID,602,94.0,False
2020-03-01,US-ID,602,0.0,False
2020-03-08,US-ID,602,0.0,False
2020-03-15,US-ID,602,89.0,False
2020-03-22,US-ID,602,0.0,False
2020-03-29,US-ID,602,0.0,False
2020-04-05,US-ID,602,0.0,False
2020-04-12,US-ID,602,0.0,False
2020-04-19,US-ID,602,0.0,False
2020-04-26,US-ID,602,0.0,False
2020-05-03,US-ID,602,0.0,False
2020-05-10,US-ID,602,0.0,False
2020-05-17,US-ID,602,91.0,False
2020-05-24,US-ID,602,0.0,False
2020-05-31,US-ID,602,0.0,False
2020-06-07,US-ID,602,0.0,False
2020-06-14,US-ID,602,0.0,False
2020-06-21,US-ID,602,0.0,False
2020-06-28,US-ID,602,0.0,False
2020-07-05,US-ID,602,0.0,False
2020-07-12,US-ID,602,0.0,False
2020-07-19,US-ID,602,0.0,False
2020-07-26,US-ID,602,100.0,False
2020-08-02,US-ID,602,0.0,False
2020-08-09,US-ID,602,0.0,False
2020-08-16,US-ID,602,0.0,False
2020-08-23,US-ID,602,0.0,False
2020-08-30,US-ID,602,0.0,False
2020-09-06,US-ID,602,0.0,False
2020-09-13,US-ID,602,0.0,False
2020-09-20,US-ID,602,0.0,False
2020-09-27,US-ID,602,0.0,False
2020-10-04,US-ID,602,0.0,False
2020-10-11,US-ID,602,0.0,False
2020-10-18,US-ID,602,0.0,False
2020-10-25,US-ID,602,0.0,False
2020-11-01,US-ID,602,0.0,False
2020-11-08,US-ID,602,0.0,False
2020-11-15,US-ID,602,0.0,False
2020-11-22,US-ID,602,0.0,False
2020-11-29,US-ID,602,0.0,False
2020-12-06,US-ID,602,0.0,False
2020-12-13,US-ID,602,0.0,False
2020-12-20,US-ID,602,0.0,False
2020-12-27,US-ID,602,0.0,False
2020-01-05,US-IL,602,0.0,False
2020-01-12,US-IL,602,0.0,False
2020-01-19,US-IL,602,0.0,False
2020-01-26,US-IL,602,0.0,False
2020-02-02,US-IL,602,0.0,False
2020-02-09,US-IL,602,0.0,False
2020-02-16,US-IL,602,0.0,False
2020-02-23,US-IL,602,94.0,False
2020-03-01,US-IL,602,0.0,False
2020-03-08,US-IL,602,0.0,False
2020-03-15,US-IL,602,89.0,False
2020-03-22,US-IL,602,0.0,False
2020-03-29,US-IL,602,0.0,False
2020-04-05,US-IL,602,0.0,False
2020-04-12,US-IL,602,0.0,False
2020-04-19,US-IL,602,0.0,False
2020-04-26,US-IL,602,0.0,False
2020-05-03,US-IL,602,0.0,False
2020-05-10,US-IL,602,0.0,False
2020-05-17,US-IL,602,91.0,False
2020-05-24,US-IL,602,0.0,False
2020-05-31,US-IL,602,0.0,False
2020-06-07,US-IL,602,0.0,False
2020-06-14,US-IL,602,0.0,False
2020-06-21,US-IL,602,0.0,False
2020-06-28,US-IL,602,0.0,False
2020-07-05,US-IL,602,0.0,False
2020-07-12,US-IL,602,0.0,False
2020-07-19,US-IL,602,0.0,False
2020-07-26,US-IL,602,100.0,False
2020-08-02,US-IL,602,0.0,False
2020-08-09,US-IL,602,0.0,False
2020-08-16,US-IL,602,0.0,False
2020-08-23,US-IL,602,0.0,False
2020-08-30,US-IL,602,0.0,False
2020-09-06,US-IL,602,0.0,False
2020-09-13,US-IL,602,0.0,False
2020-09-20,US-IL,602,0.0,False
2020-09-27,US-IL,602,0.0,False
2020-10-04,US-IL,602,0.0,False
2020-10-11,US-IL,602,0.0,False
2020-10-18,US-IL,602,0.0,False
2020-10-25,US-IL,602,0.0,False
2020-11-01,US-IL,602,0.0,False
2020-11-08,US-IL,602,0.0,False
2020-11-15,US-IL,602,0.0,False
2020-11-22,US-IL,602,0.0,False
2020-11-29,US-IL,602,0.0,False
2020-12-06,US-IL,602,0.0,False
2020-12-13,US-IL,602,0.0,False
2020-12-20,US-IL,602,0.0,False
2020-12-27,US-IL,602,0.0,False
2020-01-05,US-ME,511,0.0,False
2020-01-12,US-ME,511,0.0,False
2020-01-19,US-ME,511,0.0,False
2020-01-26,US-ME,511,0.0,False
2020-02-02,US-ME,511,0.0,False
2020-02-09,US-ME,511,0.0,False
2020-02-16,US-ME,511,0.0,False
2020-02-23,US-ME,511,0.0,False
2020-03-01,US-ME,511,0.0,False
2020-03-08,US-ME,511,0.0,False
2020-03-15,US-ME,511,0.0,False
2020-03-22,US-ME,511,0.0,False
2020-03-29,US-ME,511,0.0,False
2020-04-05,US-ME,511,0.0,False
2020-04-12,US-ME,511,0.0,False
2020-04-19,US-ME,511,0.0,False
2020-04-26,US-ME,511,0.0,False
2020-05-03,US-ME,511,0.0,False
2020-05-10,US-ME,511,0.0,False
2020-05-17,US-ME,511,0.0,False
2020-05-24,US-ME,511,0.0,False
2020-05-31,US-ME,511,92.0,False
2020-06-07,US-ME,511,0.0,False
2020-06-14,US-ME,511,0.0,False
2020-06-21,US-ME,511,100.0,False
2020-06-28,US-ME,511,0.0,False
2020-07-05,US-ME,511,0.0,False
2020-07-12,US-ME,511,0.0,False
2020-07-19,US-ME,511,0.0,False
2020-07-26,US-ME,511,0.0,False
2020-08-02,US-ME,511,0.0,False
2020-08-09,US-ME,511,0.0,False
2020-08-16,US-ME,511,0.0,False
2020-08-23,US-ME,511,0.0,False
2020-08-30,US-ME,511,0.0,False
2020-09-06,US-ME,511,0.0,False
2020-09-13,US-ME,511,0.0,False
2020-09-20,US-ME,511,0.0,False
2020-09-27,US-ME,511,0.0,False
2020-10-04,US-ME,511,0.0,False
2020-10-11,US-ME,511,0.0,False
2020-10-18,US-ME,511,0.0,False
2020-10-25,US-ME,511,0.0,False
2020-11-01,US-ME,511,0.0,False
2020-11-08,US-ME,511,0.0,False
2020-11-15,US-ME,511,0.0,False
2020-11-22,US-ME,511,0.0,False
2020-11-29,US-ME,511,0.0,False
2020-12-06,US-ME,511,0.0,False
2020-12-13,US-ME,511,0.0,False
2020-12-20,US-ME,511,0.0,False
2020-12-27,US-ME,511,0.0,False
2020-01-05,US-MA,505,0.0,False
2020-01-12,US-MA,505,0.0,False
2020-01-19,US-MA,505,0.0,False
2020-01-26,US-MA,505,0.0,False
2020-02-02,US-MA,505,0.0,False
2020-02-09,US-MA,505,0.0,False
2020-02-16,US-MA,505,0.0,False
2020-02-23,US-MA,505,0.0,False
2020-03-01,US-MA,505,0.0,False
2020-03-08,US-MA,505,0.0,False
2020-03-15,US-MA,505,0.0,False
2020-03-22,US-MA,505,0.0,False
2020-03-29,US-MA,505,0.0,False
2020-04-05,US-MA,505,0.0,False
2020-04-12,US-MA,505,0.0,False
2020-04-19,US-MA,505,92.0,False
2020-04-26,US-MA,505,0.0,False
2020-05-03,US-MA,505,0.0,False
2020-05-10,US-MA,505,0.0,False
2020-05-17,US-MA,505,0.0,False
2020-05-24,US-MA,505,0.0,False
2020-05-31,US-MA,505,0.0,False
2020-06-07,US-MA,505,0.0,False
2020-06-14,US-MA,505,0.0,False
2020-06-21,US-MA,505,100.0,False
2020-06-28,US-MA,505,0.0,False
2020-07-05,US-MA,505,0.0,False
2020-07-12,US-MA,505,0.0,False
2020-07-19,US-MA,505,0.0,False
2020-07-26,US-MA,505,0.0,False
2020-08-02,US-MA,505,0.0,False
2020-08-09,US-MA,505,0.0,False
2020-08-16,US-MA,505,0.0,False
2020-08-23,US-MA,505,0.0,False
2020-08-30,US-MA,505,0.0,False
2020-09-06,US-MA,505,0.0,False
2020-09-13,US-MA,505,0.0,False
2020-09-20,US-MA,505,0.0,False
2020-09-27,US-MA,505,0.0,False
2020-10-04,US-MA,505,0.0,False
2020-10-11,US-MA,505,0.0,False
2020-10-18,US-MA,505,0.0,False
2020-10-25,US-MA,505,0.0,False
2020-11-01,US-MA,505,0.0,False
2020-11-08,US-MA,505,0.0,False
2020-11-15,US-MA,505,0.0,False
2020-11-22,US-MA,505,0.0,False
2020-11-29,US-MA,505,0.0,False
2020-12-06,US-MA,505,0.0,False
2020-12-13,US-MA,505,0.0,False
2020-12-20,US-MA,505,0.0,False
2020-12-27,US-MA,505,0.0,False
2020-01-05,US-MS,751,0.0,False
2020-01-12,US-MS,751,0.0,False
2020-01-19,US-MS,751,0.0,False
2020-01-26,US-MS,751,0.0,False
2020-02-02,US-MS,751,0.0,False
2020-02-09,US-MS,751,0.0,False
2020-02-16,US-MS,751,0.0,False
2020-02-23,US-MS,751,0.0,False
2020-03-01,US-MS,751,0.0,False
2020-03-08,US-MS,751,0.0,False
2020-03-15,US-MS,751,0.0,False
2020-03-22,US-MS,751,0.0,False
2020-03-29,US-MS,751,0.0,False
2020-04-05,US-MS,751,0.0,False
2020-04-12,US-MS,751,100.0,False
2020-04-19,US-MS,751,0.0,False
2020-04-26,US-MS,751,0.0,False
2020-05-03,US-MS,751,0.0,False
2020-05-10,US-MS,751,0.0,False
2020-05-17,US-MS,751,0.0,False
2020-05-24,US-MS,751,0.0,False
2020-05-31,US-MS,751,0.0,False
2020-06-07,US-MS,751,0.0,False
2020-06-14,US-MS,751,0.0,False
2020-06-21,US-MS,751,0.0,False
2020-06-28,US-MS,751,0.0,False
2020-07-05,US-MS,751,0.0,False
2020-07-12,US-MS,751,0.0,False
2020-07-19,US-MS,751,0.0,False
2020-07-26,US-MS,751,0.0,False
2020-08-02,US-MS,751,0.0,False
2020-08-09,US-MS,751,0.0,False
2020-08-16,US-MS,751,0.0,False
2020-08-23,US-MS,751,0.0,False
2020-08-30,US-MS,751,0.0,False
2020-09-06,US-MS,751,0.0,False
2020-09-13,US-MS,751,0.0,False
2020-09-20,US-MS,751,0.0,False
2020-09-27,US-MS,751,0.0,False
2020-10-04,US-MS,751,0.0,False
2020-10-11,US-MS,751,0.0,False
2020-10-18,US-MS,751,0.0,False
2020-10-25,US-MS,751,0.0,False
2020-11-01,US-MS,751,0.0,False
2020-11-08,US-MS,751,0.0,False
2020-11-15,US-MS,751,0.0,False
2020-11-22,US-MS,751,0.0,False
2020-11-29,US-MS,751,0.0,False
2020-12-06,US-MS,751,0.0,False
2020-12-13,US-MS,751,0.0,False
2020-12-20,US-MS,751,0.0,False
2020-12-27,US-MS,751,0.0,False
2020-01-05,US-MO,839,0.0,False
2020-01-12,US-MO,839,0.0,False
2020-01-19,US-MO,839,0.0,False
2020-01-26,US-MO,839,0.0,False
2020-02-02,US-MO,839,52.0,False
2020-02-09,US-MO,839,0.0,False
2020-02-16,US-MO,839,0.0,False
2020-02-23,US-MO,839,0.0,False
2020-03-01,US-MO,839,0.0,False
2020-03-08,US-MO,839,0.0,False
2020-03-15,US-MO,839,0.0,False
2020-03-22,US-MO,839,0.0,False
2020-03-29,US-MO,839,0.0,False
2020-04-05,US-MO,839,100.0,False
2020-04-12,US-MO,839,0.0,False
2020-04-19,US-MO,839,0.0,False
2020-04-26,US-MO,839,0.0,False
2020-05-03,US-MO,839,0.0,False
2020-05-10,US-MO,839,0.0,False
2020-05-17,US-MO,839,0.0,False
2020-05-24,US-MO,839,0.0,False
2020-05-31,US-MO,839,0.0,False
2020-06-07,US-MO,839,0.0,False
2020-06-14,US-MO,839,0.0,False
2020-06-21,US-MO,839,0.0,False
2020-06-28,US-MO,839,0.0,False
2020-07-05,US-MO,839,0.0,False
2020-07-12,US-MO,839,0.0,False
2020-07-19,US-MO,839,0.0,False
2020-07-26,US-MO,839,0.0,False
2020-08-02,US-MO,839,0.0,False
2020-08-09,US-MO,839,0.0,False
2020-08-16,US-MO,839,51.0,False
2020-08-23,US-MO,839,0.0,False
2020-08-30,US-MO,839,0.0,False
2020-09-06,US-MO,839,0.0,False
2020-09-13,US-MO,839,0.0,False
2020-09-20,US-MO,839,0.0,False
2020-09-27,US-MO,839,0.0,False
2020-10-04,US-MO,839,0.0,False
2020-10-11,US-MO,839,0.0,False
2020-10-18,US-MO,839,0.0,False
2020-10-25,US-MO,839,0.0,False
2020-11-01,US-MO,839,0.0,False
2020-11-08,US-MO,839,0.0,False
2020-11-15,US-MO,839,55.0,False
2020-11-22,US-MO,839,0.0,False
2020-11-29,US-MO,839,0.0,False
2020-12-06,US-MO,839,0.0,False
2020-12-13,US-MO,839,0.0,False
2020-12-20,US-MO,839,60.0,False
2020-12-27,US-MO,839,0.0,False
2020-01-05,US-MO,770,0.0,False
2020-01-12,US-MO,770,0.0,False
2020-01-19,US-MO,770,0.0,False
2020-01-26,US-MO,770,0.0,False
2020-02-02,US-MO,770,0.0,False
2020-02-09,US-MO,770,0.0,False
2020-02-16,US-MO,770,0.0,False
2020-02-23,US-MO,770,0.0,False
2020-03-01,US-MO,770,0.0,False
2020-03-08,US-MO,770,0.0,False
2020-03-15,US-MO,770,0.0,False
2020-03-22,US-MO,770,0.0,False
2020-03-29,US-MO,770,0.0,False
2020-04-05,US-MO,770,0.0,False
2020-04-12,US-MO,770,0.0,False
2020-04-19,US-MO,770,0.0,False
2020-04-26,US-MO,770,0.0,False
2020-05-03,US-MO,770,0.0,False
2020-05-10,US-MO,770,0.0,False
2020-05-17,US-MO,770,0.0,False
2020-05-24,US-MO,770,0.0,False
2020-05-31,US-MO,770,0.0,False
2020-06-07,US-MO,770,0.0,False
2020-06-14,US-MO,770,0.0,False
2020-06-21,US-MO,770,0.0,False
2020-06-28,US-MO,770,0.0,False
2020-07-05,US-MO,770,0.0,False
2020-07-12,US-MO,770,0.0,False
2020-07-19,US-MO,770,0.0,False
2020-07-26,US-MO,770,0.0,False
2020-08-02,US-MO,770,100.0,False
2020-08-09,US-MO,770,0.0,False
2020-08-16,US-MO,770,0.0,False
2020-08-23,US-MO,770,0.0,False
2020-08-30,US-MO,770,0.0,False
2020-09-06,US-MO,770,0.0,False
2020-09-13,US-MO,770,0.0,False
2020-09-20,US-MO,770,0.0,False
2020-09-27,US-MO,770,0.0,False
2020-10-04,US-MO,770,0.0,False
2020-10-11,US-MO,770,0.0,False
2020-10-18,US-MO,770,0.0,False
2020-10-25,US-MO,770,0.0,False
2020-11-01,US-MO,770,0.0,False
2020-11-08,US-MO,770,0.0,False
2020-11-15,US-MO,770,0.0,False
2020-11-22,US-MO,770,0.0,False
2020-11-29,US-MO,770,0.0,False
2020-12-06,US-MO,770,0.0,False
2020-12-13,US-MO,770,0.0,False
2020-12-20,US-MO,770,0.0,False
2020-12-27,US-MO,770,0.0,False
2020-01-05,US-NE,501,83.0,False
2020-01-12,US-NE,501,0.0,False
2020-01-19,US-NE,501,0.0,False
2020-01-26,US-NE,501,87.0,False
2020-02-02,US-NE,501,0.0,False
2020-02-09,US-NE,501,0.0,False
2020-02-16,US-NE,501,0.0,False
2020-02-23,US-NE,501,0.0,False
2020-03-01,US-NE,501,0.0,False
2020-03-08,US-NE,501,0.0,False
2020-03-15,US-NE,501,0.0,False
2020-03-22,US-NE,501,0.0,False
2020-03-29,US-NE,501,0.0,False
2020-04-05,US-NE,501,0.0,False
2020-04-12,US-NE,501,0.0,False
2020-04-19,US-NE,501,0.0,False
2020-04-26,US-NE,501,0.0,False
2020-05-03,US-NE,501,0.0,False
2020-05-10,US-NE,501,76.0,False
2020-05-17,US-NE,501,0.0,False
2020-05-24,US-NE,501,0.0,False
2020-05-31,US-NE,501,72.0,False
2020-06-07,US-NE,501,0.0,False
2020-06-14,US-NE,501,0.0,False
2020-06-21,US-NE,501,0.0,False
2020-06-28,US-NE,501,0.0,False
2020-07-05,US-NE,501,0.0,False
2020-07-12,US-NE,501,0.0,False
2020-07-19,US-NE,501,0.0,False
2020-07-26,US-NE,501,0.0,False
2020-08-02,US-NE,501,0.0,False
2020-08-09,US-NE,501,0.0,False
2020-08-16,US-NE,501,0.0,False
2020-08-23,US-NE,501,0.0,False
2020-08-30,US-NE,501,0.0,False
2020-09-06,US-NE,501,0.0,False
2020-09-13,US-NE,501,0.0,False
2020-09-20,US-NE,501,0.0,False
2020-09-27,US-NE,501,0.0,False
2020-10-04,US-NE,501,0.0,False
2020-10-11,US-NE,501,0.0,False
2020-10-18,US-NE,501,95.0,False
2020-10-25,US-NE,501,0.0,False
2020-11-01,US-NE,501,0.0,False
2020-11-08,US-NE,501,0.0,False
2020-11-15,US-NE,501,0.0,False
2020-11-22,US-NE,501,0.0,False
2020-11-29,US-NE,501,0.0,False
2020-12-06,US-NE,501,0.0,False
2020-12-13,US-NE,501,0.0,False
2020-12-20,US-NE,501,0.0,False
2020-12-27,US-NE,501,100.0,False
2020-01-05,US-NV,501,83.0,False
2020-01-12,US-NV,501,0.0,False
2020-01-19,US-NV,501,0.0,False
2020-01-26,US-NV,501,87.0,False
2020-02-02,US-NV,501,0.0,False
2020-02-09,US-NV,501,0.0,False
2020-02-16,US-NV,501,0.0,False
2020-02-23,US-NV,501,0.0,False
2020-03-01,US-NV,501,0.0,False
2020-03-08,US-NV,501,0.0,False
2020-03-15,US-NV,501,0.0,False
2020-03-22,US-NV,501,0.0,False
2020-03-29,US-NV,501,0.0,False
2020-04-05,US-NV,501,0.0,False
2020-04-12,US-NV,501,0.0,False
2020-04-19,US-NV,501,0.0,False
2020-04-26,US-NV,501,0.0,False
2020-05-03,US-NV,501,0.0,False
2020-05-10,US-NV,501,76.0,False
2020-05-17,US-NV,501,0.0,False
2020-05-24,US-NV,501,0.0,False
2020-05-31,US-NV,501,72.0,False
2020-06-07,US-NV,501,0.0,False
2020-06-14,US-NV,501,0.0,False
2020-06-21,US-NV,501,0.0,False
2020-06-28,US-NV,501,0.0,False
2020-07-05,US-NV,501,0.0,False
2020-07-12,US-NV,501,0.0,False
2020-07-19,US-NV,501,0.0,False
2020-07-26,US-NV,501,0.0,False
2020-08-02,US-NV,501,0.0,False
2020-08-09,US-NV,501,0.0,False
2020-08-16,US-NV,501,0.0,False
2020-08-23,US-NV,501,0.0,False
2020-08-30,US-NV,501,0.0,False
2020-09-06,US-NV,501,0.0,False
2020-09-13,US-NV,501,0.0,False
2020-09-20,US-NV,501,0.0,False
2020-09-27,US-NV,501,0.0,False
2020-10-04,US-NV,501,0.0,False
2020-10-11,US-NV,501,0.0,False
2020-10-18,US-NV,501,95.0,False
2020-10-25,US-NV,501,0.0,False
2020-11-01,US-NV,501,0.0,False
2020-11-08,US-NV,501,0.0,False
2020-11-15,US-NV,501,0.0,False
2020-11-22,US-NV,501,0.0,False
2020-11-29,US-NV,501,0.0,False
2020-12-06,US-NV,501,0.0,False
2020-12-13,US-NV,501,0.0,False
2020-12-20,US-NV,501,0.0,False
2020-12-27,US-NV,501,100.0,False
2020-01-05,US-NY,650,0.0,False
2020-01-12,US-NY,650,0.0,False
2020-01-19,US-NY,650,0.0,False
2020-01-26,US-NY,650,0.0,False
2020-02-02,US-NY,650,0.0,False
2020-02-09,US-NY,650,0.0,False
2020-02-16,US-NY,650,0.0,False
2020-02-23,US-NY,650,0.0,False
2020-03-01,US-NY,650,0.0,False
2020-03-08,US-NY,650,0.0,False
2020-03-15,US-NY,650,0.0,False
2020-03-22,US-NY,650,0.0,False
2020-03-29,US-NY,650,0.0,False
2020-04-05,US-NY,650,0.0,False
2020-04-12,US-NY,650,0.0,False
2020-04-19,US-NY,650,0.0,False
2020-04-26,US-NY,650,0.0,False
2020-05-03,US-NY,650,0.0,False
2020-05-10,US-NY,650,0.0,False
2020-05-17,US-NY,650,0.0,False
2020-05-24,US-NY,650,0.0,False
2020-05-31,US-NY,650,0.0,False
2020-06-07,US-NY,650,0.0,False
2020-06-14,US-NY,650,0.0,False
2020-06-21,US-NY,650,0.0,False
2020-06-28,US-NY,650,0.0,False
2020-07-05,US-NY,650,0.0,False
2020-07-12,US-NY,650,0.0,False
2020-07-19,US-NY,650,0.0,False
2020-07-26,US-NY,650,0.0,False
2020-08-02,US-NY,650,0.0,False
2020-08-09,US-NY,650,0.0,False
2020-08-16,US-NY,650,0.0,False
2020-08-23,US-NY,650,0.0,False
2020-08-30,US-NY,650,0.0,False
2020-09-06,US-NY,650,0.0,False
2020-09-13,US-NY,650,0.0,False
2020-09-20,US-NY,650,0.0,False
2020-09-27,US-NY,650,0.0,False
2020-10-04,US-NY,650,0.0,False
2020-10-11,US-NY,650,0.0,False
2020-10-18,US-NY,650,100.0,False
2020-10-25,US-NY,650,0.0,False
2020-11-01,US-NY,650,0.0,False
2020-11-08,US-NY,650,0.0,False
2020-11-15,US-NY,650,0.0,False
2020-11-22,US-NY,650,0.0,False
2020-11-29,US-NY,650,0.0,False
2020-12-06,US-NY,650,0.0,False
2020-12-13,US-NY,650,0.0,False
2020-12-20,US-NY,650,0.0,False
2020-12-27,US-NY,650,0.0,False
2020-01-05,US-NC,813,0.0,False
2020-01-12,US-NC,813,0.0,False
2020-01-19,US-NC,813,0.0,False
2020-01-26,US-NC,813,0.0,False
2020-02-02,US-NC,813,0.0,False
2020-02-09,US-NC,813,0.0,False
2020-02-16,US-NC,813,0.0,False
2020-02-23,US-NC,813,0.0,False
2020-03-01,US-NC,813,0.0,False
2020-03-08,US-NC,813,0.0,False
2020-03-15,US-NC,813,0.0,False
2020-03-22,US-NC,813,0.0,False
2020-03-29,US-NC,813,0.0,False
2020-04-05,US-NC,813,0.0,False
2020-04-12,US-NC,813,0.0,False
2020-04-19,US-NC,813,0.0,False
2020-04-26,US-NC,813,0.0,False
2020-05-03,US-NC,813,0.0,False
2020-05-10,US-NC,813,0.0,False
2020-05-17,US-NC,813,0.0,False
2020-05-24,US-NC,813,0.0,False
2020-05-31,US-NC,813,0.0,False
2020-06-07,US-NC,813,0.0,False
2020-06-14,US-NC,813,0.0,False
2020-06-21,US-NC,813,0.0,False
2020-06-28,US-NC,813,0.0,False
2020-07-05,US-NC,813,0.0,False
2020-07-12,US-NC,813,0.0,False
2020-07-19,US-NC,813,88.0,False
2020-07-26,US-NC,813,0.0,False
2020-08-02,US-NC,813,0.0,False
2020-08-09,US-NC,813,88.0,False
2020-08-16,US-NC,813,0.0,False
2020-08-23,US-NC,813,0.0,False
2020-08-30,US-NC,813,0.0,False
2020-09-06,US-NC,813,0.0,False
2020-09-13,US-NC,813,0.0,False
2020-09-20,US-NC,813,0.0,False
2020-09-27,US-NC,813,0.0,False
2020-10-04,US-NC,813,0.0,False
2020-10-11,US-NC,813,0.0,False
2020-10-18,US-NC,813,0.0,False
2020-10-25,US-NC,813,0.0,False
2020-11-01,US-NC,813,0.0,False
2020-11-08,US-NC,813,0.0,False
2020-11-15,US-NC,813,94.0,False
2020-11-22,US-NC,813,0.0,False
2020-11-29,US-NC,813,0.0,False
2020-12-06,US-NC,813,0.0,False
2020-12-13,US-NC,813,100.0,False
2020-12-20,US-NC,813,0.0,False
2020-12-27,US-NC,813,0.0,False
2020-01-05,US-NC,820,0.0,False
2020-01-12,US-NC,820,0.0,False
2020-01-19,US-NC,820,0.0,False
2020-01-26,US-NC,820,0.0,False
2020-02-02,US-NC,820,0.0,False
2020-02-09,US-NC,820,0.0,False
2020-02-16,US-NC,820,0.0,False
2020-02-23,US-NC,820,0.0,False
2020-03-01,US-NC,820,0.0,False
2020-03-08,US-NC,820,0.0,False
2020-03-15,US-NC,820,0.0,False
2020-03-22,US-NC,820,0.0,False
2020-03-29,US-NC,820,91.0,False
2020-04-05,US-NC,820,92.0,False
2020-04-12,US-NC,820,0.0,False
2020-04-19,US-NC,820,0.0,False
2020-04-26,US-NC,820,0.0,False
2020-05-03,US-NC,820,0.0,False
2020-05-10,US-NC,820,0.0,False
2020-05-17,US-NC,820,0.0,False
2020-05-24,US-NC,820,0.0,False
2020-05-31,US-NC,820,0.0,False
2020-06-07,US-NC,820,0.0,False
2020-06-14,US-NC,820,0.0,False
2020-06-21,US-NC,820,0.0,False
2020-06-28,US-NC,820,0.0,False
2020-07-05,US-NC,820,100.0,False
2020-07-12,US-NC,820,0.0,False
2020-07-19,US-NC,820,0.0,False
2020-07-26,US-NC,820,0.0,False
2020-08-02,US-NC,820,0.0,False
2020-08-09,US-NC,820,0.0,False
2020-08-16,US-NC,820,0.0,False
2020-08-23,US-NC,820,0.0,False
2020-08-30,US-NC,820,0.0,False
2020-09-06,US-NC,820,0.0,False
2020-09-13,US-NC,820,0.0,False
2020-09-20,US-NC,820,0.0,False
2020-09-27,US-NC,820,0.0,False
2020-10-04,US-NC,820,0.0,False
2020-10-11,US-NC,820,0.0,False
2020-10-18,US-NC,820,0.0,False
2020-10-25,US-NC,820,0.0,False
2020-11-01,US-NC,820,0.0,False
2020-11-08,US-NC,820,0.0,False
2020-11-15,US-NC,820,0.0,False
2020-11-22,US-NC,820,0.0,False
2020-11-29,US-NC,820,0.0,False
2020-12-06,US-NC,820,0.0,False
2020-12-13,US-NC,820,0.0,False
2020-12-20,US-NC,820,0.0,False
2020-12-27,US-NC,820,0.0,False
2020-01-05,US-OR,623,0.0,False
2020-01-12,US-OR,623,0.0,False
2020-01-19,US-OR,623,0.0,False
2020-01-26,US-OR,623,0.0,False
2020-02-02,US-OR,623,0.0,False
2020-02-09,US-OR,623,0.0,False
2020-02-16,US-OR,623,0.0,False
2020-02-23,US-OR,623,0.0,False
2020-03-01,US-OR,623,0.0,False
2020-03-08,US-OR,623,0.0,False
2020-03-15,US-OR,623,0.0,False
2020-03-22,US-OR,623,0.0,False
2020-03-29,US-OR,623,0.0,False
2020-04-05,US-OR,623,90.0,False
2020-04-12,US-OR,623,0.0,False
2020-04-19,US-OR,623,86.0,False
2020-04-26,US-OR,623,0.0,False
2020-05-03,US-OR,623,0.0,False
2020-05-10,US-OR,623,0.0,False
2020-05-17,US-OR,623,0.0,False
2020-05-24,US-OR,623,0.0,False
2020-05-31,US-OR,623,0.0,False
2020-06-07,US-OR,623,0.0,False
2020-06-14,US-OR,623,94.0,False
2020-06-21,US-OR,623,0.0,False
2020-06-28,US-OR,623,0.0,False
2020-07-05,US-OR,623,0.0,False
2020-07-12,US-OR,623,0.0,False
2020-07-19,US-OR,623,0.0,False
2020-07-26,US-OR,623,0.0,False
2020-08-02,US-OR,623,0.0,False
2020-08-09,US-OR,623,0.0,False
2020-08-16,US-OR,623,0.0,False
2020-08-23,US-OR,623,0.0,False
2020-08-30,US-OR,623,0.0,False
2020-09-06,US-OR,623,0.0,False
2020-09-13,US-OR,623,0.0,False
2020-09-20,US-OR,623,0.0,False
2020-09-27,US-OR,623,0.0,False
2020-10-04,US-OR,623,100.0,False
2020-10-11,US-OR,623,0.0,False
2020-10-18,US-OR,623,0.0,False
2020-10-25,US-OR,623,0.0,False
2020-11-01,US-OR,623,0.0,False
2020-11-08,US-OR,623,0.0,False
2020-11-15,US-OR,623,0.0,False
2020-11-22,US-OR,623,0.0,False
2020-11-29,US-OR,623,0.0,False
2020-12-06,US-OR,623,0.0,False
2020-12-13,US-OR,623,0.0,False
2020-12-20,US-OR,623,0.0,False
2020-12-27,US-OR,623,0.0,False
2020-01-05,US-OR,641,0.0,False
2020-01-12,US-OR,641,0.0,False
2020-01-19,US-OR,641,0.0,False
2020-01-26,US-OR,641,0.0,False
2020-02-02,US-OR,641,0.0,False
2020-02-09,US-OR,641,0.0,False
2020-02-16,US-OR,641,0.0,False
2020-02-23,US-OR,641,0.0,False
2020-03-01,US-OR,641,0.0,False
2020-03-08,US-OR,641,0.0,False
2020-03-15,US-OR,641,0.0,False
2020-03-22,US-OR,641,0.0,False
2020-03-29,US-OR,641,0.0,False
2020-04-05,US-OR,641,0.0,False
2020-04-12,US-OR,641,0.0,False
2020-04-19,US-OR,641,0.0,False
2020-04-26,US-OR,641,0.0,False
2020-05-03,US-OR,641,0.0,False
2020-05-10,US-OR,641,0.0,False
2020-05-17,US-OR,641,0.0,False
2020-05-24,US-OR,641,0.0,False
2020-05-31,US-OR,641,0.0,False
2020-06-07,US-OR,641,0.0,False
2020-06-14,US-OR,641,0.0,False
2020-06-21,US-OR,641,0.0,False
2020-06-28,US-OR,641,0.0,False
2020-07-05,US-OR,641,0.0,False
2020-07-12,US-OR,641,0.0,False
2020-07-19,US-OR,641,0.0,False
2020-07-26,US-OR,641,0.0,False
2020-08-02,US-OR,641,0.0,False
2020-08-09,US-OR,641,0.0,False
2020-08-16,US-OR,641,0.0,False
2020-08-23,US-OR,641,0.0,False
2020-08-30,US-OR,641,0.0,False
2020-09-06,US-OR,641,0.0,False
2020-09-13,US-OR,641,0.0,False
2020-09-20,US-OR,641,0.0,False
2020-09-27,US-OR,641,100.0,False
2020-10-04,US-OR,641,0.0,False
2020-10-11,US-OR,641,0.0,False
2020-10-18,US-OR,641,0.0,False
2020-10-25,US-OR,641,0.0,False
2020-11-01,US-OR,641,0.0,False
2020-11-08,US-OR,641,0.0,False
2020-11-15,US-OR,641,0.0,False
2020-11-22,US-OR,641,0.0,False
2020-11-29,US-OR,641,0.0,False
2020-12-06,US-OR,641,0.0,False
2020-12-13,US-OR,641,0.0,False
2020-12-20,US-OR,641,0.0,False
2020-12-27,US-OR,641,0.0,False
2020-01-05,US-RI,511,0.0,False
2020-01-12,US-RI,511,0.0,False
2020-01-19,US-RI,511,0.0,False
2020-01-26,US-RI,511,0.0,False
2020-02-02,US-RI,511,0.0,False
2020-02-09,US-RI,511,0.0,False
2020-02-16,US-RI,511,0.0,False
2020-02-23,US-RI,511,0.0,False
2020-03-01,US-RI,511,0.0,False
2020-03-08,US-RI,511,0.0,False
2020-03-15,US-RI,511,0.0,False
2020-03-22,US-RI,511,0.0,False
2020-03-29,US-RI,511,0.0,False
2020-04-05,US-RI,511,0.0,False
2020-04-12,US-RI,511,0.0,False
2020-04-19,US-RI,511,0.0,False
2020-04-26,US-RI,511,0.0,False
2020-05-03,US-RI,511,0.0,False
2020-05-10,US-RI,511,0.0,False
2020-05-17,US-RI,511,0.0,False
2020-05-24,US-RI,511,0.0,False
2020-05-31,US-RI,511,92.0,False
2020-06-07,US-RI,511,0.0,False
2020-06-14,US-RI,511,0.0,False
2020-06-21,US-RI,511,100.0,False
2020-06-28,US-RI,511,0.0,False
2020-07-05,US-RI,511,0.0,False
2020-07-12,US-RI,511,0.0,False
2020-07-19,US-RI,511,0.0,False
2020-07-26,US-RI,511,0.0,False
2020-08-02,US-RI,511,0.0,False
2020-08-09,US-RI,511,0.0,False
2020-08-16,US-RI,511,0.0,False
2020-08-23,US-RI,511,0.0,False
2020-08-30,US-RI,511,0.0,False
2020-09-06,US-RI,511,0.0,False
2020-09-13,US-RI,511,0.0,False
2020-09-20,US-RI,511,0.0,False
2020-09-27,US-RI,511,0.0,False
2020-10-04,US-RI,511,0.0,False
2020-10-11,US-RI,511,0.0,False
2020-10-18,US-RI,511,0.0,False
2020-10-25,US-RI,511,0.0,False
2020-11-01,US-RI,511,0.0,False
2020-11-08,US-RI,511,0.0,False
2020-11-15,US-RI,511,0.0,False
2020-11-22,US-RI,511,0.0,False
2020-11-29,US-RI,511,0.0,False
2020-12-06,US-RI,511,0.0,False
2020-12-13,US-RI,511,0.0,False
2020-12-20,US-RI,511,0.0,False
2020-12-27,US-RI,511,0.0,False
2020-01-05,US-SC,820,0.0,False
2020-01-12,US-SC,820,0.0,False
2020-01-19,US-SC,820,0.0,False
2020-01-26,US-SC,820,0.0,False
2020-02-02,US-SC,820,0.0,False
2020-02-09,US-SC,820,0.0,False
2020-02-16,US-SC,820,0.0,False
2020-02-23,US-SC,820,0.0,False
2020-03-01,US-SC,820,0.0,False
2020-03-08,US-SC,820,0.0,False
2020-03-15,US-SC,820,0.0,False
2020-03-22,US-SC,820,0.0,False
2020-03-29,US-SC,820,91.0,False
2020-04-05,US-SC,820,92.0,False
2020-04-12,US-SC,820,0.0,False
2020-04-19,US-SC,820,0.0,False
2020-04-26,US-SC,820,0.0,False
2020-05-03,US-SC,820,0.0,False
2020-05-10,US-SC,820,0.0,False
2020-05-17,US-SC,820,0.0,False
2020-05-24,US-SC,820,0.0,False
2020-05-31,US-SC,820,0.0,False
2020-06-07,US-SC,820,0.0,False
2020-06-14,US-SC,820,0.0,False
2020-06-21,US-SC,820,0.0,False
2020-06-28,US-SC,820,0.0,False
2020-07-05,US-SC,820,100.0,False
2020-07-12,US-SC,820,0.0,False
2020-07-19,US-SC,820,0.0,False
2020-07-26,US-SC,820,0.0,False
2020-08-02,US-SC,820,0.0,False
2020-08-09,US-SC,820,0.0,False
2020-08-16,US-SC,820,0.0,False
2020-08-23,US-SC,820,0.0,False
2020-08-30,US-SC,820,0.0,False
2020-09-06,US-SC,820,0.0,False
2020-09-13,US-SC,820,0.0,False
2020-09-20,US-SC,820,0.0,False
2020-09-27,US-SC,820,0.0,False
2020-10-04,US-SC,820,0.0,False
2020-10-11,US-SC,820,0.0,False
2020-10-18,US-SC,820,0.0,False
2020-10-25,US-SC,820,0.0,False
2020-11-01,US-SC,820,0.0,False
2020-11-08,US-SC,820,0.0,False
2020-11-15,US-SC,820,0.0,False
2020-11-22,US-SC,820,0.0,False
2020-11-29,US-SC,820,0.0,False
2020-12-06,US-SC,820,0.0,False
2020-12-13,US-SC,820,0.0,False
2020-12-20,US-SC,820,0.0,False
2020-12-27,US-SC,820,0.0,False
2020-01-05,US-SC,819,0.0,False
2020-01-12,US-SC,819,0.0,False
2020-01-19,US-SC,819,0.0,False
2020-01-26,US-SC,819,100.0,False
2020-02-02,US-SC,819,0.0,False
2020-02-09,US-SC,819,0.0,False
2020-02-16,US-SC,819,0.0,False
2020-02-23,US-SC,819,0.0,False
2020-03-01,US-SC,819,0.0,False
2020-03-08,US-SC,819,0.0,False
2020-03-15,US-SC,819,0.0,False
2020-03-22,US-SC,819,0.0,False
2020-03-29,US-SC,819,0.0,False
2020-04-05,US-SC,819,0.0,False
2020-04-12,US-SC,819,0.0,False
2020-04-19,US-SC,819,0.0,False
2020-04-26,US-SC,819,0.0,False
2020-05-03,US-SC,819,0.0,False
2020-05-10,US-SC,819,0.0,False
2020-05-17,US-SC,819,0.0,False
2020-05-24,US-SC,819,0.0,False
2020-05-31,US-SC,819,0.0,False
2020-06-07,US-SC,819,84.0,False
2020-06-14,US-SC,819,0.0,False
2020-06-21,US-SC,819,0.0,False
2020-06-28,US-SC,819,0.0,False
2020-07-05,US-SC,819,0.0,False
2020-07-12,US-SC,819,0.0,False
2020-07-19,US-SC,819,99.0,False
2020-07-26,US-SC,819,97.0,False
2020-08-02,US-SC,819,0.0,False
2020-08-09,US-SC,819,0.0,False
2020-08-16,US-SC,819,0.0,False
2020-08-23,US-SC,819,0.0,False
2020-08-30,US-SC,819,0.0,False
2020-09-06,US-SC,819,0.0,False
2020-09-13,US-SC,819,0.0,False
2020-09-20,US-SC,819,0.0,False
2020-09-27,US-SC,819,0.0,False
2020-10-04,US-SC,819,0.0,False
2020-10-11,US-SC,819,0.0,False
2020-10-18,US-SC,819,0.0,False
2020-10-25,US-SC,819,0.0,False
2020-11-01,US-SC,819,0.0,False
2020-11-08,US-SC,819,0.0,False
2020-11-15,US-SC,819,0.0,False
2020-11-22,US-SC,819,0.0,False
2020-11-29,US-SC,819,0.0,False
2020-12-06,US-SC,819,0.0,False
2020-12-13,US-SC,819,0.0,False
2020-12-20,US-SC,819,0.0,False
2020-12-27,US-SC,819,0.0,False
2020-01-05,US-SD,511,0.0,False
2020-01-12,US-SD,511,0.0,False
2020-01-19,US-SD,511,0.0,False
2020-01-26,US-SD,511,0.0,False
2020-02-02,US-SD,511,0.0,False
2020-02-09,US-SD,511,0.0,False
2020-02-16,US-SD,511,0.0,False
2020-02-23,US-SD,511,0.0,False
2020-03-01,US-SD,511,0.0,False
2020-03-08,US-SD,511,0.0,False
2020-03-15,US-SD,511,0.0,False
2020-03-22,US-SD,511,0.0,False
2020-03-29,US-SD,511,0.0,False
2020-04-05,US-SD,511,0.0,False
2020-04-12,US-SD,511,0.0,False
2020-04-19,US-SD,511,0.0,False
2020-04-26,US-SD,511,0.0,False
2020-05-03,US-SD,511,0.0,False
2020-05-10,US-SD,511,0.0,False
2020-05-17,US-SD,511,0.0,False
2020-05-24,US-SD,511,0.0,False
2020-05-31,US-SD,511,92.0,False
2020-06-07,US-SD,511,0.0,False
2020-06-14,US-SD,511,0.0,False
2020-06-21,US-SD,511,100.0,False
2020-06-28,US-SD,511,0.0,False
2020-07-05,US-SD,511,0.0,False
2020-07-12,US-SD,511,0.0,False
2020-07-19,US-SD,511,0.0,False
2020-07-26,US-SD,511,0.0,False
2020-08-02,US-SD,511,0.0,False
2020-08-09,US-SD,511,0.0,False
2020-08-16,US-SD,511,0.0,False
2020-08-23,US-SD,511,0.0,False
2020-08-30,US-SD,511,0.0,False
2020-09-06,US-SD,511,0.0,False
2020-09-13,US-SD,511,0.0,False
2020-09-20,US-SD,511,0.0,False
2020-09-27,US-SD,511,0.0,False
2020-10-04,US-SD,511,0.0,False
2020-10-11,US-SD,511,0.0,False
2020-10-18,US-SD,511,0.0,False
2020-10-25,US-SD,511,0.0,False
2020-11-01,US-SD,511,0.0,False
2020-11-08,US-SD,511,0.0,False
2020-11-15,US-SD,511,0.0,False
2020-11-22,US-SD,511,0.0,False
2020-11-29,US-SD,511,0.0,False
2020-12-06,US-SD,511,0.0,False
2020-12-13,US-SD,511,0.0,False
2020-12-20,US-SD,511,0.0,False
2020-12-27,US-SD,511,0.0,False
2020-01-05,US-VA,511,0.0,False
2020-01-12,US-VA,511,0.0,False
2020-01-19,US-VA,511,0.0,False
2020-01-26,US-VA,511,0.0,False
2020-02-02,US-VA,511,0.0,False
2020-02-09,US-VA,511,0.0,False
2020-02-16,US-VA,511,0.0,False
2020-02-23,US-VA,511,0.0,False
2020-03-01,US-VA,511,0.0,False
2020-03-08,US-VA,511,0.0,False
2020-03-15,US-VA,511,0.0,False
2020-03-22,US-VA,511,0.0,False
2020-03-29,US-VA,511,0.0,False
2020-04-05,US-VA,511,0.0,False
2020-04-12,US-VA,511,0.0,False
2020-04-19,US-VA,511,0.0,False
2020-04-26,US-VA,511,0.0,False
2020-05-03,US-VA,511,0.0,False
2020-05-10,US-VA,511,0.0,False
2020-05-17,US-VA,511,0.0,False
2020-05-24,US-VA,511,0.0,False
2020-05-31,US-VA,511,92.0,False
2020-06-07,US-VA,511,0.0,False
2020-06-14,US-VA,511,0.0,False
2020-06-21,US-VA,511,100.0,False
2020-06-28,US-VA,511,0.0,False
2020-07-05,US-VA,511,0.0,False
2020-07-12,US-VA,511,0.0,False
2020-07-19,US-VA,511,0.0,False
2020-07-26,US-VA,511,0.0,False
2020-08-02,US-VA,511,0.0,False
2020-08-09,US-VA,511,0.0,False
2020-08-16,US-VA,511,0.0,False
2020-08-23,US-VA,511,0.0,False
2020-08-30,US-VA,511,0.0,False
2020-09-06,US-VA,511,0.0,False
2020-09-13,US-VA,511,0.0,False
2020-09-20,US-VA,511,0.0,False
2020-09-27,US-VA,511,0.0,False
2020-10-04,US-VA,511,0.0,False
2020-10-11,US-VA,511,0.0,False
2020-10-18,US-VA,511,0.0,False
2020-10-25,US-VA,511,0.0,False
2020-11-01,US-VA,511,0.0,False
2020-11-08,US-VA,511,0.0,False
2020-11-15,US-VA,511,0.0,False
2020-11-22,US-VA,511,0.0,False
2020-11-29,US-VA,511,0.0,False
2020-12-06,US-VA,511,0.0,False
2020-12-13,US-VA,511,0.0,False
2020-12-20,US-VA,511,0.0,False
2020-12-27,US-VA,511,0.0,False
2020-01-05,US-WY,751,0.0,False
2020-01-12,US-WY,751,0.0,False
2020-01-19,US-WY,751,0.0,False
2020-01-26,US-WY,751,0.0,False
2020-02-02,US-WY,751,0.0,False
2020-02-09,US-WY,751,0.0,False
2020-02-16,US-WY,751,0.0,False
2020-02-23,US-WY,751,0.0,False
2020-03-01,US-WY,751,0.0,False
2020-03-08,US-WY,751,0.0,False
2020-03-15,US-WY,751,0.0,False
2020-03-22,US-WY,751,0.0,False
2020-03-29,US-WY,751,0.0,False
2020-04-05,US-WY,751,0.0,False
2020-04-12,US-WY,751,100.0,False
2020-04-19,US-WY,751,0.0,False
2020-04-26,US-WY,751,0.0,False
2020-05-03,US-WY,751,0.0,False
2020-05-10,US-WY,751,0.0,False
2020-05-17,US-WY,751,0.0,False
2020-05-24,US-WY,751,0.0,False
2020-05-31,US-WY,751,0.0,False
2020-06-07,US-WY,751,0.0,False
2020-06-14,US-WY,751,0.0,False
2020-06-21,US-WY,751,0.0,False
2020-06-28,US-WY,751,0.0,False
2020-07-05,US-WY,751,0.0,False
2020-07-12,US-WY,751,0.0,False
2020-07-19,US-WY,751,0.0,False
2020-07-26,US-WY,751,0.0,False
2020-08-02,US-WY,751,0.0,False
2020-08-09,US-WY,751,0.0,False
2020-08-16,US-WY,751,0.0,False
2020-08-23,US-WY,751,0.0,False
2020-08-30,US-WY,751,0.0,False
2020-09-06,US-WY,751,0.0,False
2020-09-13,US-WY,751,0.0,False
2020-09-20,US-WY,751,0.0,False
2020-09-27,US-WY,751,0.0,False
2020-10-04,US-WY,751,0.0,False
2020-10-11,US-WY,751,0.0,False
2020-10-18,US-WY,751,0.0,False
2020-10-25,US-WY,751,0.0,False
2020-11-01,US-WY,751,0.0,False
2020-11-08,US-WY,751,0.0,False
2020-11-15,US-WY,751,0.0,False
2020-11-22,US-WY,751,0.0,False
2020-11-29,US-WY,751,0.0,False
2020-12-06,US-WY,751,0.0,False
2020-12-13,US-WY,751,0.0,False
2020-12-20,US-WY,751,0.0,False
2020-12-27,US-WY,751,0.0,False
2020-01-05,US-WV,511,0.0,False
2020-01-12,US-WV,511,0.0,False
2020-01-19,US-WV,511,0.0,False
2020-01-26,US-WV,511,0.0,False
2020-02-02,US-WV,511,0.0,False
2020-02-09,US-WV,511,0.0,False
2020-02-16,US-WV,511,0.0,False
2020-02-23,US-WV,511,0.0,False
2020-03-01,US-WV,511,0.0,False
2020-03-08,US-WV,511,0.0,False
2020-03-15,US-WV,511,0.0,False
2020-03-22,US-WV,511,0.0,False
2020-03-29,US-WV,511,0.0,False
2020-04-05,US-WV,511,0.0,False
2020-04-12,US-WV,511,0.0,False
2020-04-19,US-WV,511,0.0,False
2020-04-26,US-WV,511,0.0,False
2020-05-03,US-WV,511,0.0,False
2020-05-10,US-WV,511,0.0,False
2020-05-17,US-WV,511,0.0,False
2020-05-24,US-WV,511,0.0,False
2020-05-31,US-WV,511,92.0,False
2020-06-07,US-WV,511,0.0,False
2020-06-14,US-WV,511,0.0,False
2020-06-21,US-WV,511,100.0,False
2020-06-28,US-WV,511,0.0,False
2020-07-05,US-WV,511,0.0,False
2020-07-12,US-WV,511,0.0,False
2020-07-19,US-WV,511,0.0,False
2020-07-26,US-WV,511,0.0,False
2020-08-02,US-WV,511,0.0,False
2020-08-09,US-WV,511,0.0,False
2020-08-16,US-WV,511,0.0,False
2020-08-23,US-WV,511,0.0,False
2020-08-30,US-WV,511,0.0,False
2020-09-06,US-WV,511,0.0,False
2020-09-13,US-WV,511,0.0,False
2020-09-20,US-WV,511,0.0,False
2020-09-27,US-WV,511,0.0,False
2020-10-04,US-WV,511,0.0,False
2020-10-11,US-WV,511,0.0,False
2020-10-18,US-WV,511,0.0,False
2020-10-25,US-WV,511,0.0,False
2020-11-01,US-WV,511,0.0,False
2020-11-08,US-WV,511,0.0,False
2020-11-15,US-WV,511,0.0,False
2020-11-22,US-WV,511,0.0,False
2020-11-29,US-WV,511,0.0,False
2020-12-06,US-WV,511,0.0,False
2020-12-13,US-WV,511,0.0,False
2020-12-20,US-WV,511,0.0,False
2020-12-27,US-WV,511,0.0,False
2020-01-05,US-WA,820,0.0,False
2020-01-12,US-WA,820,0.0,False
2020-01-19,US-WA,820,0.0,False
2020-01-26,US-WA,820,0.0,False
2020-02-02,US-WA,820,0.0,False
2020-02-09,US-WA,820,0.0,False
2020-02-16,US-WA,820,0.0,False
2020-02-23,US-WA,820,0.0,False
2020-03-01,US-WA,820,0.0,False
2020-03-08,US-WA,820,0.0,False
2020-03-15,US-WA,820,0.0,False
2020-03-22,US-WA,820,0.0,False
2020-03-29,US-WA,820,91.0,False
2020-04-05,US-WA,820,92.0,False
2020-04-12,US-WA,820,0.0,False
2020-04-19,US-WA,820,0.0,False
2020-04-26,US-WA,820,0.0,False
2020-05-03,US-WA,820,0.0,False
2020-05-10,US-WA,820,0.0,False
2020-05-17,US-WA,820,0.0,False
2020-05-24,US-WA,820,0.0,False
2020-05-31,US-WA,820,0.0,False
2020-06-07,US-WA,820,0.0,False
2020-06-14,US-WA,820,0.0,False
2020-06-21,US-WA,820,0.0,False
2020-06-28,US-WA,820,0.0,False
2020-07-05,US-WA,820,100.0,False
2020-07-12,US-WA,820,0.0,False
2020-07-19,US-WA,820,0.0,False
2020-07-26,US-WA,820,0.0,False
2020-08-02,US-WA,820,0.0,False
2020-08-09,US-WA,820,0.0,False
2020-08-16,US-WA,820,0.0,False
2020-08-23,US-WA,820,0.0,False
2020-08-30,US-WA,820,0.0,False
2020-09-06,US-WA,820,0.0,False
2020-09-13,US-WA,820,0.0,False
2020-09-20,US-WA,820,0.0,False
2020-09-27,US-WA,820,0.0,False
2020-10-04,US-WA,820,0.0,False
2020-10-11,US-WA,820,0.0,False
2020-10-18,US-WA,820,0.0,False
2020-10-25,US-WA,820,0.0,False
2020-11-01,US-WA,820,0.0,False
2020-11-08,US-WA,820,0.0,False
2020-11-15,US-WA,820,0.0,False
2020-11-22,US-WA,820,0.0,False
2020-11-29,US-WA,820,0.0,False
2020-12-06,US-WA,820,0.0,False
2020-12-13,US-WA,820,0.0,False
2020-12-20,US-WA,820,0.0,False
2020-12-27,US-WA,820,0.0,False
2020-01-05,US-WA,819,0.0,False
2020-01-12,US-WA,819,0.0,False
2020-01-19,US-WA,819,0.0,False
2020-01-26,US-WA,819,100.0,False
2020-02-02,US-WA,819,0.0,False
2020-02-09,US-WA,819,0.0,False
2020-02-16,US-WA,819,0.0,False
2020-02-23,US-WA,819,0.0,False
2020-03-01,US-WA,819,0.0,False
2020-03-08,US-WA,819,0.0,False
2020-03-15,US-WA,819,0.0,False
2020-03-22,US-WA,819,0.0,False
2020-03-29,US-WA,819,0.0,False
2020-04-05,US-WA,819,0.0,False
2020-04-12,US-WA,819,0.0,False
2020-04-19,US-WA,819,0.0,False
2020-04-26,US-WA,819,0.0,False
2020-05-03,US-WA,819,0.0,False
2020-05-10,US-WA,819,0.0,False
2020-05-17,US-WA,819,0.0,False
2020-05-24,US-WA,819,0.0,False
2020-05-31,US-WA,819,0.0,False
2020-06-07,US-WA,819,84.0,False
2020-06-14,US-WA,819,0.0,False
2020-06-21,US-WA,819,0.0,False
2020-06-28,US-WA,819,0.0,False
2020-07-05,US-WA,819,0.0,False
2020-07-12,US-WA,819,0.0,False
2020-07-19,US-WA,819,99.0,False
2020-07-26,US-WA,819,97.0,False
2020-08-02,US-WA,819,0.0,False
2020-08-09,US-WA,819,0.0,False
2020-08-16,US-WA,819,0.0,False
2020-08-23,US-WA,819,0.0,False
2020-08-30,US-WA,819,0.0,False
2020-09-06,US-WA,819,0.0,False
2020-09-13,US-WA,819,0.0,False
2020-09-20,US-WA,819,0.0,False
2020-09-27,US-WA,819,0.0,False
2020-10-04,US-WA,819,0.0,False
2020-10-11,US-WA,819,0.0,False
2020-10-18,US-WA,819,0.0,False
2020-10-25,US-WA,819,0.0,False
2020-11-01,US-WA,819,0.0,False
2020-11-08,US-WA,819,0.0,False
2020-11-15,US-WA,819,0.0,False
2020-11-22,US-WA,819,0.0,False
2020-11-29,US-WA,819,0.0,False
2020-12-06,US-WA,819,0.0,False
2020-12-13,US-WA,819,0.0,False
2020-12-20,US-WA,819,0.0,False
2020-12-27,US-WA,819,0.0,False
2020-01-05,US-TX,623,0.0,False
2020-01-12,US-TX,623,0.0,False
2020-01-19,US-TX,623,0.0,False
2020-01-26,US-TX,623,0.0,False
2020-02-02,US-TX,623,0.0,False
2020-02-09,US-TX,623,0.0,False
2020-02-16,US-TX,623,0.0,False
2020-02-23,US-TX,623,0.0,False
2020-03-01,US-TX,623,0.0,False
2020-03-08,US-TX,623,0.0,False
2020-03-15,US-TX,623,0.0,False
2020-03-22,US-TX,623,0.0,False
2020-03-29,US-TX,623,0.0,False
2020-04-05,US-TX,623,90.0,False
2020-04-12,US-TX,623,0.0,False
2020-04-19,US-TX,623,86.0,False
2020-04-26,US-TX,623,0.0,False
2020-05-03,US-TX,623,0.0,False
2020-05-10,US-TX,623,0.0,False
2020-05-17,US-TX,623,0.0,False
2020-05-24,US-TX,623,0.0,False
2020-05-31,US-TX,623,0.0,False
2020-06-07,US-TX,623,0.0,False
2020-06-14,US-TX,623,94.0,False
2020-06-21,US-TX,623,0.0,False
2020-06-28,US-TX,623,0.0,False
2020-07-05,US-TX,623,0.0,False
2020-07-12,US-TX,623,0.0,False
2020-07-19,US-TX,623,0.0,False
2020-07-26,US-TX,623,0.0,False
2020-08-02,US-TX,623,0.0,False
2020-08-09,US-TX,623,0.0,False
2020-08-16,US-TX,623,0.0,False
2020-08-23,US-TX,623,0.0,False
2020-08-30,US-TX,623,0.0,False
2020-09-06,US-TX,623,0.0,False
2020-09-13,US-TX,623,0.0,False
2020-09-20,US-TX,623,0.0,False
2020-09-27,US-TX,623,0.0,False
2020-10-04,US-TX,623,100.0,False
2020-10-11,US-TX,623,0.0,False
2020-10-18,US-TX,623,0.0,False
2020-10-25,US-TX,623,0.0,False
2020-11-01,US-TX,623,0.0,False
2020-11-08,US-TX,623,0.0,False
2020-11-15,US-TX,623,0.0,False
2020-11-22,US-TX,623,0.0,False
2020-11-29,US-TX,623,0.0,False
2020-12-06,US-TX,623,0.0,False
2020-12-13,US-TX,623,0.0,False
2020-12-20,US-TX,623,0.0,False
2020-12-27,US-TX,623,0.0,False
